[{"__type__":"cc.Prefab","_name":"preGetDiamondNode","data":{"__id__":1}},{"__type__":"cc.Node","_name":"preGetDiamondNode","_children":[{"__id__":2},{"__id__":3}],"_components":[{"__type__":"78a73aawVFLe5pnQX9aLr69","node":{"__id__":1},"addDiamond":{"__id__":4}}],"_prefab":{"__type__":"cc.PrefabInfo","root":{"__id__":1},"asset":{"__uuid__":"413NV6JcdEaoVFkiaICJbJ"},"fileId":"14/eaQm6hDG5jyzUXltEah"},"_trs":{"__type__":"TypedArray","ctor":"Float32Array","array":[0,0,0,0,0,0,1,1,1,1]}},{"__type__":"cc.Node","_name":"gemIcon","_parent":{"__id__":1},"_components":[{"__type__":"cc.Sprite","node":{"__id__":2},"_materials":[{"__uuid__":"ecpdLyjvZBwrvm+cedCcQy"}],"_spriteFrame":{"__uuid__":"94JIyYpIxHJoKt6+4f5JaT"}}],"_prefab":{"__type__":"cc.PrefabInfo","root":{"__id__":1},"asset":{"__uuid__":"413NV6JcdEaoVFkiaICJbJ"},"fileId":"c9tjtVgyZAMLeZIz2Jucwm"},"_contentSize":{"__type__":"cc.Size","width":120,"height":98},"_trs":{"__type__":"TypedArray","ctor":"Float32Array","array":[-41,0,0,0,0,0,1,0.5,0.5,1]}},{"__type__":"cc.Node","_name":"New Label","_parent":{"__id__":1},"_components":[{"__id__":4},{"__type__":"cc.LabelOutline","node":{"__id__":3},"_color":{"__type__":"cc.Color","r":4,"g":242,"b":252}}],"_prefab":{"__type__":"cc.PrefabInfo","root":{"__id__":1},"asset":{"__uuid__":"413NV6JcdEaoVFkiaICJbJ"},"fileId":"98h11CzGdEBa0BZon0FhXC"},"_color":{"__type__":"cc.Color","r":4,"g":242,"b":252},"_contentSize":{"__type__":"cc.Size","width":86.81,"height":77.6},"_anchorPoint":{"__type__":"cc.Vec2","y":0.5},"_trs":{"__type__":"TypedArray","ctor":"Float32Array","array":[0,4,0,0,0,0,1,1,1,1]}},{"__type__":"cc.Label","node":{"__id__":3},"_materials":[{"__uuid__":"ecpdLyjvZBwrvm+cedCcQy"}],"_useOriginalSize":false,"_string":"+50","_N$string":"+50","_fontSize":50,"_lineHeight":60,"_N$horizontalAlign":1,"_N$verticalAlign":1}]