[{"__type__":"cc.SpriteFrame","content":{"name":"yinshen","texture":"9bpI1KaBRNIqA/QbGBxQCR","rect":[0,0,82,102],"offset":[0,0],"originalSize":[82,102],"capInsets":[0,0,0,0]}},{"__type__":"cc.SpriteFrame","content":{"name":"dingshi","texture":"16RC2KqvxBGrU/DMqE4YMz","rect":[0,0,87,99],"offset":[-0.5,0.5],"originalSize":[88,100],"capInsets":[0,0,0,0]}},[{"__type__":"cc.Prefab","_name":"Prop","data":{"__id__":1}},{"__type__":"cc.Node","_name":"Prop","_children":[{"__id__":2}],"_components":[{"__type__":"0e5e9oRbWdDuLPBR8ZXWkFH","node":{"__id__":1},"moveSpd":0,"addSpd":0,"status":2,"type":4,"icon":{"__id__":3},"iconRes":[{"__uuid__":"50krkLGCJHtYifPWWlSdJK"},{"__uuid__":"13OIIQTcdO3KevQJRCcL8F"}]}],"_prefab":{"__type__":"cc.PrefabInfo","root":{"__id__":1},"asset":{"__uuid__":"67iYW4cSpGiIQYYFBoSNRS"},"fileId":"63ukrfYhRNkLbEP/5dOGCK"},"_contentSize":{"__type__":"cc.Size","width":100,"height":100},"_trs":{"__type__":"TypedArray","ctor":"Float32Array","array":[0,0,0,0,0,0,1,1,1,1]}},{"__type__":"cc.Node","_name":"icon","_parent":{"__id__":1},"_components":[{"__id__":3},{"__type__":"cc.Animation","node":{"__id__":2},"_defaultClip":{"__uuid__":"92A81yL4JICLCaWq0ZIaEs"},"_clips":[{"__uuid__":"92A81yL4JICLCaWq0ZIaEs"}],"playOnLoad":true}],"_prefab":{"__type__":"cc.PrefabInfo","root":{"__id__":1},"asset":{"__uuid__":"67iYW4cSpGiIQYYFBoSNRS"},"fileId":"6cGk/01wdD1onguSr/Ni3A"},"_contentSize":{"__type__":"cc.Size","width":82,"height":102},"_trs":{"__type__":"TypedArray","ctor":"Float32Array","array":[0,0,0,0,0,0,1,1,1,1]}},{"__type__":"cc.Sprite","node":{"__id__":2},"_materials":[{"__uuid__":"ecpdLyjvZBwrvm+cedCcQy"}],"_spriteFrame":{"__uuid__":"13OIIQTcdO3KevQJRCcL8F"}}],{"__type__":"cc.AnimationClip","_name":"shakeAni","_duration":0.25,"speed":0.15,"wrapMode":2,"curveData":{"props":{"y":[{"frame":0,"value":0},{"frame":0.08333333333333333,"value":8},{"frame":0.16666666666666666,"value":-8},{"frame":0.25,"value":0}]}}}]