[{"__type__":"cc.AnimationClip","_name":"handAni","_duration":0.43333333333333335,"speed":0.2,"wrapMode":2,"curveData":{"paths":{"icon":{"props":{"y":[{"frame":0,"value":-51.54199981689453},{"frame":0.25,"value":-70.16100311279297},{"frame":0.4,"value":-50}],"x":[{"frame":0,"value":39},{"frame":0.25,"value":54.422000885009766},{"frame":0.4,"value":36}]}},"New Sprite":{"props":{"scale":[{"frame":0,"value":{"__type__":"cc.Vec2","x":1,"y":1}},{"frame":0.35,"value":{"__type__":"cc.Vec2","x":1,"y":1}},{"frame":0.4,"value":{"__type__":"cc.Vec2","x":1.2000000476837158,"y":1.2000000476837158}},{"frame":0.43333333333333335,"value":{"__type__":"cc.Vec2","x":1,"y":1}}]}}}}},[{"__type__":"cc.Prefab","_name":"finger","data":{"__id__":1}},{"__type__":"cc.Node","_name":"finger","_children":[{"__id__":2},{"__id__":3}],"_components":[{"__type__":"cc.Sprite","node":{"__id__":1},"_materials":[{"__uuid__":"ecpdLyjvZBwrvm+cedCcQy"}]},{"__type__":"cc.Animation","node":{"__id__":1},"_defaultClip":{"__uuid__":"3bS/7ZrwFCFYJhfp4PHksV"},"_clips":[{"__uuid__":"3bS/7ZrwFCFYJhfp4PHksV"}],"playOnLoad":true}],"_prefab":{"__type__":"cc.PrefabInfo","root":{"__id__":1},"asset":{"__uuid__":"54Q4d16wBHoqafpw8dTci7"},"fileId":"63ukrfYhRNkLbEP/5dOGCK"},"_contentSize":{"__type__":"cc.Size","width":78,"height":80},"_trs":{"__type__":"TypedArray","ctor":"Float32Array","array":[0,0,0,0,0,0,1,1,1,1]}},{"__type__":"cc.Node","_name":"New Sprite","_parent":{"__id__":1},"_components":[{"__type__":"cc.Sprite","node":{"__id__":2},"_materials":[{"__uuid__":"ecpdLyjvZBwrvm+cedCcQy"}],"_spriteFrame":{"__uuid__":"ebkYW1+m5M5JgQKh7iDMBU"}}],"_prefab":{"__type__":"cc.PrefabInfo","root":{"__id__":1},"asset":{"__uuid__":"54Q4d16wBHoqafpw8dTci7"},"fileId":"59p7Rnt+tKQqnG29eORfoB"},"_contentSize":{"__type__":"cc.Size","width":128,"height":127},"_trs":{"__type__":"TypedArray","ctor":"Float32Array","array":[0,0,0,0,0,0,1,1,1,1]}},{"__type__":"cc.Node","_name":"icon","_parent":{"__id__":1},"_components":[{"__type__":"cc.Sprite","node":{"__id__":3},"_materials":[{"__uuid__":"ecpdLyjvZBwrvm+cedCcQy"}],"_spriteFrame":{"__uuid__":"f1zHW4LrJAupHQb2VFl8oj"}}],"_prefab":{"__type__":"cc.PrefabInfo","root":{"__id__":1},"asset":{"__uuid__":"54Q4d16wBHoqafpw8dTci7"},"fileId":"91fEmDn1VI94tPmtulr1QL"},"_contentSize":{"__type__":"cc.Size","width":96,"height":116},"_trs":{"__type__":"TypedArray","ctor":"Float32Array","array":[37,-52,0,0,0,0,1,1.2000000476837158,1.2000000476837158,1]}}],{"__type__":"cc.SpriteFrame","content":{"name":"shine","texture":"63BLlSoyhCU7CxbJja5v5a","rect":[0,1,128,127],"offset":[0,-0.5],"originalSize":[128,128],"capInsets":[0,0,0,0]}},{"__type__":"cc.SpriteFrame","content":{"name":"hand","texture":"b9oGjTqaZBIoA956R4JAcb","rect":[0,0,86,101],"offset":[0,0],"originalSize":[86,101],"capInsets":[0,0,0,0]}}]