[{"__type__":"cc.SpriteFrame","content":{"name":"guard","texture":"dbIuK/1TxLsbqVrxcaBaU1","rect":[36,44,257,154],"offset":[8,-17.5],"originalSize":[313,207],"capInsets":[0,0,0,0]}},{"__type__":"cc.AnimationClip","_name":"guardMove","_duration":0.6666666666666666,"speed":0.7,"wrapMode":"2","curveData":{"paths":{"leg_left":{"props":{"x":[{"frame":0,"value":-40},{"frame":0.3333333333333333,"value":-40},{"frame":0.5,"value":-60},{"frame":0.6666666666666666,"value":-40}],"scaleX":[{"frame":0,"value":0},{"frame":0.16666666666666666,"value":1},{"frame":0.3333333333333333,"value":0},{"frame":0.5,"value":-1},{"frame":0.6666666666666666,"value":0}]}},"leg_right":{"props":{"x":[{"frame":0,"value":-70},{"frame":0.3333333333333333,"value":-70},{"frame":0.5,"value":-40},{"frame":0.6666666666666666,"value":-70}],"scale":[{"frame":0,"value":{"__type__":"cc.Vec2","y":1}},{"frame":0.16666666666666666,"value":{"__type__":"cc.Vec2","x":-1,"y":1}},{"frame":0.3333333333333333,"value":{"__type__":"cc.Vec2","y":1}},{"frame":0.5,"value":{"__type__":"cc.Vec2","x":1,"y":1}},{"frame":0.6666666666666666,"value":{"__type__":"cc.Vec2","y":1}}]}}}}},{"__type__":"cc.SpriteFrame","content":{"name":"guardLeg","texture":"3btxo5Kl1Ba7Oji/rYI1YC","rect":[3,10,108,44],"offset":[-4,0],"originalSize":[122,64],"capInsets":[0,0,0,0]}},[{"__type__":"cc.Prefab","_name":"guard","data":{"__id__":1}},{"__type__":"cc.Node","_name":"guard","_children":[{"__id__":2},{"__id__":3},{"__id__":4},{"__id__":5},{"__id__":6}],"_components":[{"__type__":"cc.Animation","node":{"__id__":1},"_defaultClip":{"__uuid__":"840O08KSBGHKCMrPSf7t1G"},"_clips":[{"__uuid__":"840O08KSBGHKCMrPSf7t1G"}]},{"__type__":"d73f5F2uFZDTo/fzCS38ov+","node":{"__id__":1},"atk":20,"moveSpd":200,"addSpd":350,"status":1,"type":1,"hp":50,"preAdddiamondCnt":15,"collision":[1,2,3],"light":{"__id__":2},"bulletNode":{"__id__":6}}],"_prefab":{"__type__":"cc.PrefabInfo","root":{"__id__":1},"asset":{"__uuid__":"ecLdnZ+qhEJpvWCMDnQ6PQ"},"fileId":"ccOUm70jlGj4mRsvpFz++o"},"_contentSize":{"__type__":"cc.Size","width":250,"height":170},"_trs":{"__type__":"TypedArray","ctor":"Float32Array","array":[0,0,0,0,0,0,1,0.550000011920929,0.550000011920929,1]}},{"__type__":"cc.Node","_name":"lightNode","_parent":{"__id__":1},"_components":[{"__type__":"cc.Graphics","node":{"__id__":2},"_materials":[{"__uuid__":"6fgBCSDDdPMInvyNlggls2"}],"_strokeColor":{"__type__":"cc.Color","r":241,"g":235,"b":235,"a":0},"_fillColor":{"__type__":"cc.Color","r":255,"g":255,"b":255,"a":180}},{"__type__":"4f7e2AJEfVIwosEXDPtM59P","node":{"__id__":2},"radius":500}],"_prefab":{"__type__":"cc.PrefabInfo","root":{"__id__":1},"asset":{"__uuid__":"ecLdnZ+qhEJpvWCMDnQ6PQ"},"fileId":"4bb7bBxt9FjbZsCYPB/10q"},"_color":{"__type__":"cc.Color","r":233,"g":126,"b":126},"_trs":{"__type__":"TypedArray","ctor":"Float32Array","array":[0,0,0,0,0,0,1,1,1,1]}},{"__type__":"cc.Node","_name":"leg_left","_parent":{"__id__":1},"_components":[{"__type__":"cc.Sprite","node":{"__id__":3},"_materials":[{"__uuid__":"ecpdLyjvZBwrvm+cedCcQy"}],"_spriteFrame":{"__uuid__":"a44UONNhdK0Z9cxAo4f4ww"}}],"_prefab":{"__type__":"cc.PrefabInfo","root":{"__id__":1},"asset":{"__uuid__":"ecLdnZ+qhEJpvWCMDnQ6PQ"},"fileId":"7fUJPrAdpIS54wxpXDvC7F"},"_contentSize":{"__type__":"cc.Size","width":108,"height":44},"_anchorPoint":{"__type__":"cc.Vec2","y":0.5},"_trs":{"__type__":"TypedArray","ctor":"Float32Array","array":[-40,4.599999904632568,0,0,0,0,1,0,1,1]}},{"__type__":"cc.Node","_name":"leg_right","_parent":{"__id__":1},"_components":[{"__type__":"cc.Sprite","node":{"__id__":4},"_materials":[{"__uuid__":"ecpdLyjvZBwrvm+cedCcQy"}],"_spriteFrame":{"__uuid__":"a44UONNhdK0Z9cxAo4f4ww"}}],"_prefab":{"__type__":"cc.PrefabInfo","root":{"__id__":1},"asset":{"__uuid__":"ecLdnZ+qhEJpvWCMDnQ6PQ"},"fileId":"07BQZw2oxHU5yWRKdXeDrL"},"_contentSize":{"__type__":"cc.Size","width":108,"height":44},"_anchorPoint":{"__type__":"cc.Vec2","y":0.5},"_trs":{"__type__":"TypedArray","ctor":"Float32Array","array":[-70,-33.099998474121094,0,0,0,0,1,0,1,1]}},{"__type__":"cc.Node","_name":"body","_parent":{"__id__":1},"_components":[{"__type__":"cc.Sprite","node":{"__id__":5},"_materials":[{"__uuid__":"ecpdLyjvZBwrvm+cedCcQy"}],"_spriteFrame":{"__uuid__":"75UlvWJg9HDb/ejJz0emmi"}}],"_prefab":{"__type__":"cc.PrefabInfo","root":{"__id__":1},"asset":{"__uuid__":"ecLdnZ+qhEJpvWCMDnQ6PQ"},"fileId":"2cy+XikwtDW4cz/3j5xqSF"},"_contentSize":{"__type__":"cc.Size","width":259,"height":153},"_trs":{"__type__":"TypedArray","ctor":"Float32Array","array":[0,0,0,0,0,0,1,1,1,1]}},{"__type__":"cc.Node","_name":"bulletNode","_parent":{"__id__":1},"_prefab":{"__type__":"cc.PrefabInfo","root":{"__id__":1},"asset":{"__uuid__":"ecLdnZ+qhEJpvWCMDnQ6PQ"},"fileId":"51w+2LKlFED4bhNm49wIA9"},"_trs":{"__type__":"TypedArray","ctor":"Float32Array","array":[0,0,0,0,0,0,1,1,1,1]}}]]