[[{"__type__":"cc.Prefab","_name":"Bomb","data":{"__id__":1}},{"__type__":"cc.Node","_name":"Bomb","_children":[{"__id__":2},{"__id__":4},{"__id__":6},{"__id__":10}],"_components":[{"__type__":"1d6364bPGdNAbnW/bvTWG7M","node":{"__id__":1},"moveSpd":0,"addSpd":0,"status":2,"type":3,"icon":{"__id__":3},"timer":{"__id__":5},"notice":{"__id__":11},"progress":{"__id__":9}}],"_prefab":{"__type__":"cc.PrefabInfo","root":{"__id__":1},"asset":{"__uuid__":"04dSxN3jJOUZh+rtS0wPcO"},"fileId":"63ukrfYhRNkLbEP/5dOGCK"},"_contentSize":{"__type__":"cc.Size","width":200,"height":100},"_trs":{"__type__":"TypedArray","ctor":"Float32Array","array":[0,0,0,0,0,0,1,1,1,1]}},{"__type__":"cc.Node","_name":"icon","_parent":{"__id__":1},"_components":[{"__id__":3}],"_prefab":{"__type__":"cc.PrefabInfo","root":{"__id__":1},"asset":{"__uuid__":"04dSxN3jJOUZh+rtS0wPcO"},"fileId":"6cGk/01wdD1onguSr/Ni3A"},"_contentSize":{"__type__":"cc.Size","width":181,"height":88},"_trs":{"__type__":"TypedArray","ctor":"Float32Array","array":[0,0,0,0,0,0,1,1,1,1]}},{"__type__":"cc.Sprite","node":{"__id__":2},"_materials":[{"__uuid__":"ecpdLyjvZBwrvm+cedCcQy"}],"_spriteFrame":{"__uuid__":"fatG7CkopCjKKEXepAOggd"}},{"__type__":"cc.Node","_name":"timeLabel","_parent":{"__id__":1},"_components":[{"__id__":5}],"_prefab":{"__type__":"cc.PrefabInfo","root":{"__id__":1},"asset":{"__uuid__":"04dSxN3jJOUZh+rtS0wPcO"},"fileId":"adwMmjVEtOnre7rzAMwopn"},"_color":{"__type__":"cc.Color","g":255,"b":172},"_contentSize":{"__type__":"cc.Size","width":58.4,"height":50.4},"_trs":{"__type__":"TypedArray","ctor":"Float32Array","array":[-4.959000110626221,-1.4579999446868896,0,0,0,0,1,1,1,1]}},{"__type__":"cc.Label","node":{"__id__":4},"_materials":[{"__uuid__":"ecpdLyjvZBwrvm+cedCcQy"}],"_useOriginalSize":false,"_string":"999","_N$string":"999","_fontSize":35,"_N$horizontalAlign":1,"_N$verticalAlign":1},{"__type__":"cc.Node","_name":"progress","_parent":{"__id__":1},"_children":[{"__id__":7}],"_active":false,"_components":[{"__type__":"cc.Sprite","node":{"__id__":6},"_materials":[{"__uuid__":"ecpdLyjvZBwrvm+cedCcQy"}],"_spriteFrame":{"__uuid__":"51MOnVZWdGrJqSAvohMKAL"},"_type":1,"_sizeMode":0},{"__id__":9}],"_prefab":{"__type__":"cc.PrefabInfo","root":{"__id__":1},"asset":{"__uuid__":"04dSxN3jJOUZh+rtS0wPcO"},"fileId":"30rl5z4DVO5qBeaKgMfODk"},"_contentSize":{"__type__":"cc.Size","width":150,"height":15},"_trs":{"__type__":"TypedArray","ctor":"Float32Array","array":[-5.673999786376953,-47.66400146484375,0,0,0,0,1,1,1,1]}},{"__type__":"cc.Node","_name":"bar","_parent":{"__id__":6},"_components":[{"__id__":8}],"_prefab":{"__type__":"cc.PrefabInfo","root":{"__id__":1},"asset":{"__uuid__":"04dSxN3jJOUZh+rtS0wPcO"},"fileId":"1fLPAGOJtM1ZiNVoxXAiGV"},"_contentSize":{"__type__":"cc.Size","width":150,"height":14},"_anchorPoint":{"__type__":"cc.Vec2","y":0.5},"_trs":{"__type__":"TypedArray","ctor":"Float32Array","array":[-75,0,0,0,0,0,1,1,1,1]}},{"__type__":"cc.Sprite","node":{"__id__":7},"_materials":[{"__uuid__":"ecpdLyjvZBwrvm+cedCcQy"}],"_spriteFrame":{"__uuid__":"a13NM9MXpD0oPTWjiD3qqS"},"_type":1,"_sizeMode":0},{"__type__":"cc.ProgressBar","node":{"__id__":6},"_N$totalLength":150,"_N$barSprite":{"__id__":8}},{"__type__":"cc.Node","_name":"noticeLabel","_parent":{"__id__":1},"_active":false,"_components":[{"__id__":11}],"_prefab":{"__type__":"cc.PrefabInfo","root":{"__id__":1},"asset":{"__uuid__":"04dSxN3jJOUZh+rtS0wPcO"},"fileId":"233Q1cbsBB+ri+nQvl8u1n"},"_contentSize":{"__type__":"cc.Size","width":160,"height":30},"_trs":{"__type__":"TypedArray","ctor":"Float32Array","array":[0,58,0,0,0,0,1,1,1,1]}},{"__type__":"cc.Label","node":{"__id__":10},"_materials":[{"__uuid__":"ecpdLyjvZBwrvm+cedCcQy"}],"_useOriginalSize":false,"_string":"拆弹中...","_N$string":"拆弹中...","_fontSize":30,"_lineHeight":50,"_N$file":{"__uuid__":"4dDuSJTt5KypeX903osunR"},"_isSystemFontUsed":false,"_N$horizontalAlign":1,"_N$verticalAlign":1,"_N$overflow":2}],{"__type__":"cc.SpriteFrame","content":{"name":"chaijindu_1","texture":"21aSQgUftFy5r4Qo9/EOQZ","rect":[0,0,20,16],"offset":[0,0],"originalSize":[20,16],"capInsets":[0,0,0,0]}},{"__type__":"cc.SpriteFrame","content":{"name":"chaijindu_2","texture":"4eDYkD7f5LTKAO+yabaneO","rect":[2,2,16,12],"offset":[0,0],"originalSize":[20,16],"capInsets":[3,2,2,3]}},{"__type__":"cc.SpriteFrame","content":{"name":"zhadan","texture":"04D48HnaxFN7eVrHoNGNNQ","rect":[0,0,181,88],"offset":[0,0],"originalSize":[181,88],"capInsets":[0,0,0,0]}}]