{"__type__":"cc.AnimationClip","_name":"warnAni","_duration":0.25,"curveData":{"paths":{"mark1":{"props":{"scale":[{"frame":0,"value":{"__type__":"cc.Vec2","x":2,"y":2}},{"frame":0.08333333333333333,"value":{"__type__":"cc.Vec2","x":1,"y":1}}],"opacity":[{"frame":0,"value":0},{"frame":0.08333333333333333,"value":255}]}},"mark2":{"props":{"scale":[{"frame":0.08333333333333333,"value":{"__type__":"cc.Vec2","x":2,"y":2}},{"frame":0.16666666666666666,"value":{"__type__":"cc.Vec2","x":1,"y":1}}],"opacity":[{"frame":0.08333333333333333,"value":0},{"frame":0.16666666666666666,"value":255}]}},"mark3":{"props":{"scale":[{"frame":0.16666666666666666,"value":{"__type__":"cc.Vec2","x":2,"y":2}},{"frame":0.25,"value":{"__type__":"cc.Vec2","x":1,"y":1}}],"opacity":[{"frame":0.16666666666666666,"value":0},{"frame":0.25,"value":255}]}}}}}