[{"__type__":"cc.AnimationClip","_name":"bulletAni","_duration":0.5,"speed":0.5,"curveData":{"paths":{"smoke":{"props":{"scaleX":[{"frame":0,"value":0},{"frame":0.1,"value":1}],"opacity":[{"frame":0,"value":0},{"frame":0.1,"value":255},{"frame":0.16666666666666666,"value":255},{"frame":0.25,"value":0}]}},"bullet":{"props":{"x":[{"frame":0,"value":0},{"frame":0.5,"value":2000}],"opacity":[{"frame":0.06666666666666667,"value":0},{"frame":0.08333333333333333,"value":255},{"frame":0.48333333333333334,"value":255},{"frame":0.5,"value":0}]}}}}},[{"__type__":"cc.Prefab","_name":"bulletNode","data":{"__id__":1}},{"__type__":"cc.Node","_name":"bulletNode","_children":[{"__id__":2},{"__id__":3}],"_components":[{"__type__":"cc.Animation","node":{"__id__":1},"_defaultClip":{"__uuid__":"7bsYa2x/NJS5Jx33+rqKqv"},"_clips":[{"__uuid__":"7bsYa2x/NJS5Jx33+rqKqv"}]},{"__type__":"e45c9rlNHNB4ad7shYeVPcL","node":{"__id__":1},"bullet":{"__id__":3}}],"_prefab":{"__type__":"cc.PrefabInfo","root":{"__id__":1},"asset":{"__uuid__":"7dhj037M9B041m2/r/Mn/H"},"fileId":"02FuH3hpVO/YQNgiMKWvxs"},"_trs":{"__type__":"TypedArray","ctor":"Float32Array","array":[0,0,0,0,0,0,0,1,1,1]}},{"__type__":"cc.Node","_name":"smoke","_parent":{"__id__":1},"_components":[{"__type__":"cc.Sprite","node":{"__id__":2},"_spriteFrame":{"__uuid__":"936PnUhF9LLqAxXaWsFqw6"}}],"_prefab":{"__type__":"cc.PrefabInfo","root":{"__id__":1},"asset":{"__uuid__":"7dhj037M9B041m2/r/Mn/H"},"fileId":"abKWzQeKFJYqxlYY9j0RIO"},"_contentSize":{"__type__":"cc.Size","width":69,"height":71},"_anchorPoint":{"__type__":"cc.Vec2","y":0.5},"_trs":{"__type__":"TypedArray","ctor":"Float32Array","array":[136,0,0,0,0,0,0,0,1,1]}},{"__type__":"cc.Node","_name":"bullet","_parent":{"__id__":1},"_components":[{"__type__":"cc.Sprite","node":{"__id__":3},"_spriteFrame":{"__uuid__":"a41gnAt5ZLD5hoSEq2u6WQ"}}],"_prefab":{"__type__":"cc.PrefabInfo","root":{"__id__":1},"asset":{"__uuid__":"7dhj037M9B041m2/r/Mn/H"},"fileId":"1bcFHBn39BvISCLMp06HoI"},"_opacity":0,"_contentSize":{"__type__":"cc.Size","width":202,"height":51},"_anchorPoint":{"__type__":"cc.Vec2","x":1,"y":0.5},"_trs":{"__type__":"TypedArray","ctor":"Float32Array","array":[359,0,0,0,0,0,0,1,1,1]}}],{"__type__":"cc.SpriteFrame","content":{"name":"smoke","texture":"bcecx2rxFDr6rCqiohtxjg","rect":[5,4,69,71],"offset":[-0.5,0.5],"originalSize":[80,80],"capInsets":[0,0,0,0]}},{"__type__":"cc.SpriteFrame","content":{"name":"bullet","texture":"d6lcx0AA5KA5e7GjTTepDg","rect":[38,8,202,51],"offset":[9,1.5],"originalSize":[260,70],"capInsets":[0,0,0,0]}}]