[[{"__type__":"cc.Prefab","_name":"warnNode","data":{"__id__":1}},{"__type__":"cc.Node","_name":"warnNode","_children":[{"__id__":2},{"__id__":3},{"__id__":4}],"_components":[{"__type__":"cc.Animation","node":{"__id__":1},"_defaultClip":{"__uuid__":"07LhAKNvxJU7goL6h4p29W"},"_clips":[{"__uuid__":"07LhAKNvxJU7goL6h4p29W"}]}],"_prefab":{"__type__":"cc.PrefabInfo","root":{"__id__":1},"asset":{"__uuid__":"54oIEKYYtKd6GdG136KICn"},"fileId":"1fjXNyXohGgJ1h6PIPaN94"},"_trs":{"__type__":"TypedArray","ctor":"Float32Array","array":[0,0,0,0,0,0,1,1,1,1]}},{"__type__":"cc.Node","_name":"mark1","_parent":{"__id__":1},"_components":[{"__type__":"cc.Sprite","node":{"__id__":2},"_materials":[{"__uuid__":"ecpdLyjvZBwrvm+cedCcQy"}],"_spriteFrame":{"__uuid__":"c9ZdtdLh1C7YnVRn3tEq7s"}}],"_prefab":{"__type__":"cc.PrefabInfo","root":{"__id__":1},"asset":{"__uuid__":"54oIEKYYtKd6GdG136KICn"},"fileId":"bbgmMomupOiKeCWytRtnYo"},"_opacity":0,"_contentSize":{"__type__":"cc.Size","width":49,"height":73},"_trs":{"__type__":"TypedArray","ctor":"Float32Array","array":[-47,167,0,0,0,0,1,2,2,1]}},{"__type__":"cc.Node","_name":"mark2","_parent":{"__id__":1},"_components":[{"__type__":"cc.Sprite","node":{"__id__":3},"_materials":[{"__uuid__":"ecpdLyjvZBwrvm+cedCcQy"}],"_spriteFrame":{"__uuid__":"c9ZdtdLh1C7YnVRn3tEq7s"}}],"_prefab":{"__type__":"cc.PrefabInfo","root":{"__id__":1},"asset":{"__uuid__":"54oIEKYYtKd6GdG136KICn"},"fileId":"15DLdNlB1PQJ1WH6gfBmSq"},"_opacity":0,"_contentSize":{"__type__":"cc.Size","width":49,"height":73},"_trs":{"__type__":"TypedArray","ctor":"Float32Array","array":[-89,167,0,0,0,0,1,2,2,1]}},{"__type__":"cc.Node","_name":"mark3","_parent":{"__id__":1},"_components":[{"__type__":"cc.Sprite","node":{"__id__":4},"_materials":[{"__uuid__":"ecpdLyjvZBwrvm+cedCcQy"}],"_spriteFrame":{"__uuid__":"c9ZdtdLh1C7YnVRn3tEq7s"}}],"_prefab":{"__type__":"cc.PrefabInfo","root":{"__id__":1},"asset":{"__uuid__":"54oIEKYYtKd6GdG136KICn"},"fileId":"90xVg0RqZKmY21cGQKKlGY"},"_opacity":0,"_contentSize":{"__type__":"cc.Size","width":49,"height":73},"_trs":{"__type__":"TypedArray","ctor":"Float32Array","array":[-7,168,0,0,0,0,1,2,2,1]}}],{"__type__":"cc.SpriteFrame","content":{"name":"emoteQuestionMark","texture":"f60e0LlYBNgZTRh4bbEvPc","rect":[20,3,49,73],"offset":[1,7.5],"originalSize":[87,94],"capInsets":[0,0,0,0]}}]