[{"__type__":"cc.SpriteFrame","content":{"name":"guangao","texture":"47Gr1GaRRM0Z+ChwCQmu0H","rect":[0,0,43,35],"offset":[0,0],"originalSize":[43,35],"capInsets":[0,0,0,0]}},{"__type__":"cc.SpriteFrame","content":{"name":"close","texture":"9430K0ph9DMLVLTzAiLagG","rect":[0,0,77,78],"offset":[0,0],"originalSize":[77,78],"capInsets":[0,0,0,0]}},[{"__type__":"cc.Prefab","_name":"assassinShopLayer","data":{"__id__":1}},{"__type__":"cc.Node","_name":"assassinShopLayer","_children":[{"__id__":2}],"_components":[{"__type__":"cc.Sprite","node":{"__id__":1},"_materials":[{"__uuid__":"ecpdLyjvZBwrvm+cedCcQy"}],"_spriteFrame":{"__uuid__":"a2MjXRFdtLlYQ5ouAFv/+R"},"_type":1,"_sizeMode":0},{"__type__":"cc.Layout","node":{"__id__":1},"_layoutSize":{"__type__":"cc.Size","width":900,"height":1600}},{"__type__":"cc.Widget","node":{"__id__":1},"_alignFlags":45,"_originalWidth":200,"_originalHeight":150},{"__type__":"cc.BlockInputEvents","node":{"__id__":1}},{"__type__":"2579fFjXdtIJqWPhMwSRCLH","node":{"__id__":1},"videoBtn":{"__id__":13},"buyBtn":{"__id__":21},"closeBtn":{"__id__":23},"cellLayout":{"__id__":7},"videoReward":{"__id__":11},"randomUnLock":{"__id__":16},"currDiamond":{"__id__":18},"warn_tag":{"__id__":20},"upGradeLabel":{"__id__":6}}],"_prefab":{"__type__":"cc.PrefabInfo","root":{"__id__":1},"asset":{"__uuid__":"27zORpoudEe45EKvdLP8ev"},"fileId":"3bHRmjzi5Hc6/E8gbFpkGw"},"_color":{"__type__":"cc.Color","r":65,"g":65,"b":65},"_contentSize":{"__type__":"cc.Size","width":900,"height":1600},"_trs":{"__type__":"TypedArray","ctor":"Float32Array","array":[450,800,0,0,0,0,1,1,1,1]}},{"__type__":"cc.Node","_name":"New Node","_parent":{"__id__":1},"_children":[{"__id__":3},{"__id__":4},{"__id__":5},{"__id__":7},{"__id__":8},{"__id__":14},{"__id__":22}],"_prefab":{"__type__":"cc.PrefabInfo","root":{"__id__":1},"asset":{"__uuid__":"27zORpoudEe45EKvdLP8ev"},"fileId":"d9S8WSL9RGVL9WOBtZKpvs"},"_contentSize":{"__type__":"cc.Size","width":750,"height":1334},"_trs":{"__type__":"TypedArray","ctor":"Float32Array","array":[0,0,0,0,0,0,1,1.2000000476837158,1.2000000476837158,1]}},{"__type__":"cc.Node","_name":"New Sprite(Splash)","_parent":{"__id__":2},"_components":[{"__type__":"cc.Sprite","node":{"__id__":3},"_materials":[{"__uuid__":"ecpdLyjvZBwrvm+cedCcQy"}],"_spriteFrame":{"__uuid__":"a2MjXRFdtLlYQ5ouAFv/+R"},"_sizeMode":0},{"__type__":"cc.Widget","node":{"__id__":3},"_alignFlags":40,"_originalWidth":100}],"_prefab":{"__type__":"cc.PrefabInfo","root":{"__id__":1},"asset":{"__uuid__":"27zORpoudEe45EKvdLP8ev"},"fileId":"41IMRsVmRKw5aQFCCyNV0U"},"_color":{"__type__":"cc.Color","r":35,"g":35,"b":35},"_contentSize":{"__type__":"cc.Size","width":750,"height":900},"_trs":{"__type__":"TypedArray","ctor":"Float32Array","array":[0,0,0,0,0,0,1,1,1,1]}},{"__type__":"cc.Node","_name":"tezhongbingshengji","_parent":{"__id__":2},"_components":[{"__type__":"cc.Sprite","node":{"__id__":4},"_materials":[{"__uuid__":"ecpdLyjvZBwrvm+cedCcQy"}],"_spriteFrame":{"__uuid__":"d3fVAhyaZD6YDmtX0jwPDh"},"_sizeMode":2}],"_prefab":{"__type__":"cc.PrefabInfo","root":{"__id__":1},"asset":{"__uuid__":"27zORpoudEe45EKvdLP8ev"},"fileId":"75JzFeKJZAoagNwXZAW2At"},"_contentSize":{"__type__":"cc.Size","width":54,"height":55},"_trs":{"__type__":"TypedArray","ctor":"Float32Array","array":[152.6699981689453,522.4099731445312,0,0,0,0,1,1.2999999523162842,1.2999999523162842,1]}},{"__type__":"cc.Node","_name":"upGradeLabel","_parent":{"__id__":2},"_components":[{"__id__":6}],"_prefab":{"__type__":"cc.PrefabInfo","root":{"__id__":1},"asset":{"__uuid__":"27zORpoudEe45EKvdLP8ev"},"fileId":"7d1XlzUFBFGp0FGtzexGTp"},"_contentSize":{"__type__":"cc.Size","width":300,"height":70},"_trs":{"__type__":"TypedArray","ctor":"Float32Array","array":[-45.277000427246094,533.3720092773438,0,0,0,0,1,1,1,1]}},{"__type__":"cc.Label","node":{"__id__":5},"_materials":[{"__uuid__":"ecpdLyjvZBwrvm+cedCcQy"}],"_useOriginalSize":false,"_string":"升级忍者","_N$string":"升级忍者","_fontSize":55,"_lineHeight":50,"_N$file":{"__uuid__":"4dDuSJTt5KypeX903osunR"},"_isSystemFontUsed":false,"_N$horizontalAlign":2,"_N$verticalAlign":1,"_N$overflow":2},{"__type__":"cc.Node","_name":"cellLayout","_parent":{"__id__":2},"_components":[{"__type__":"cc.Sprite","node":{"__id__":7},"_materials":[{"__uuid__":"ecpdLyjvZBwrvm+cedCcQy"}],"_type":1,"_sizeMode":0},{"__type__":"cc.Layout","node":{"__id__":7},"_layoutSize":{"__type__":"cc.Size","width":750,"height":900},"_N$layoutType":3,"_N$paddingLeft":25,"_N$paddingTop":22,"_N$spacingX":20,"_N$spacingY":22}],"_prefab":{"__type__":"cc.PrefabInfo","root":{"__id__":1},"asset":{"__uuid__":"27zORpoudEe45EKvdLP8ev"},"fileId":"01tnb57GhIAqEK6npdvjiu"},"_contentSize":{"__type__":"cc.Size","width":750,"height":900},"_trs":{"__type__":"TypedArray","ctor":"Float32Array","array":[0,0,0,0,0,0,1,1,1,1]}},{"__type__":"cc.Node","_name":"videoBtn","_parent":{"__id__":2},"_children":[{"__id__":9},{"__id__":10},{"__id__":12}],"_components":[{"__type__":"cc.Sprite","node":{"__id__":8},"_materials":[{"__uuid__":"ecpdLyjvZBwrvm+cedCcQy"}],"_spriteFrame":{"__uuid__":"48wijxn+VLeIJj8Z08lcXJ"},"_sizeMode":0},{"__id__":13}],"_prefab":{"__type__":"cc.PrefabInfo","root":{"__id__":1},"asset":{"__uuid__":"27zORpoudEe45EKvdLP8ev"},"fileId":"5fqTGSaeNG/KZ7mYS1zLrQ"},"_contentSize":{"__type__":"cc.Size","width":283,"height":140},"_trs":{"__type__":"TypedArray","ctor":"Float32Array","array":[-175,-551,0,0,0,0,1,1,1,0]}},{"__type__":"cc.Node","_name":"guangao","_parent":{"__id__":8},"_components":[{"__type__":"cc.Sprite","node":{"__id__":9},"_materials":[{"__uuid__":"ecpdLyjvZBwrvm+cedCcQy"}],"_spriteFrame":{"__uuid__":"105mPVtPtKG5CCwU8zooJO"}}],"_prefab":{"__type__":"cc.PrefabInfo","root":{"__id__":1},"asset":{"__uuid__":"27zORpoudEe45EKvdLP8ev"},"fileId":"8fXGwwnElBt7e3R76EtEn7"},"_contentSize":{"__type__":"cc.Size","width":43,"height":35},"_trs":{"__type__":"TypedArray","ctor":"Float32Array","array":[-79.63300323486328,10.847999572753906,0,0,0,0,1,1,1,1]}},{"__type__":"cc.Node","_name":"New Label","_parent":{"__id__":8},"_components":[{"__id__":11}],"_prefab":{"__type__":"cc.PrefabInfo","root":{"__id__":1},"asset":{"__uuid__":"27zORpoudEe45EKvdLP8ev"},"fileId":"1dhfqNmxNK1qb2lqDsHoUu"},"_contentSize":{"__type__":"cc.Size","width":92.8,"height":40},"_trs":{"__type__":"TypedArray","ctor":"Float32Array","array":[-2.681999921798706,13.272000312805176,0,0,0,0,1,1,1,1]}},{"__type__":"cc.Label","node":{"__id__":10},"_materials":[{"__uuid__":"ecpdLyjvZBwrvm+cedCcQy"}],"_useOriginalSize":false,"_string":"+250","_N$string":"+250","_lineHeight":50,"_N$file":{"__uuid__":"7275qsWztASKGxhO43reCt"},"_isSystemFontUsed":false,"_N$horizontalAlign":1,"_N$verticalAlign":1,"_N$overflow":2},{"__type__":"cc.Node","_name":"gemIcon","_parent":{"__id__":8},"_components":[{"__type__":"cc.Sprite","node":{"__id__":12},"_materials":[{"__uuid__":"ecpdLyjvZBwrvm+cedCcQy"}],"_spriteFrame":{"__uuid__":"94JIyYpIxHJoKt6+4f5JaT"}}],"_prefab":{"__type__":"cc.PrefabInfo","root":{"__id__":1},"asset":{"__uuid__":"27zORpoudEe45EKvdLP8ev"},"fileId":"30p0qfnkZOM43BKtrRJsgz"},"_contentSize":{"__type__":"cc.Size","width":132,"height":115},"_trs":{"__type__":"TypedArray","ctor":"Float32Array","array":[77.73899841308594,12.742000579833984,0,0,0,0,1,0.4000000059604645,0.4000000059604645,1]}},{"__type__":"cc.Button","node":{"__id__":8},"zoomScale":0.9,"clickEvents":[{"__type__":"cc.ClickEvent","target":{"__id__":1},"_componentId":"2579fFjXdtIJqWPhMwSRCLH","handler":"onVideoBtnClicked"}],"_N$transition":3,"transition":3},{"__type__":"cc.Node","_name":"buyBtn","_parent":{"__id__":2},"_children":[{"__id__":15},{"__id__":17},{"__id__":19},{"__id__":20}],"_active":false,"_components":[{"__type__":"cc.Sprite","node":{"__id__":14},"_materials":[{"__uuid__":"ecpdLyjvZBwrvm+cedCcQy"}],"_spriteFrame":{"__uuid__":"52D9fxkqtOG4eSl9Oq3j+j"},"_type":1,"_sizeMode":0},{"__id__":21}],"_prefab":{"__type__":"cc.PrefabInfo","root":{"__id__":1},"asset":{"__uuid__":"27zORpoudEe45EKvdLP8ev"},"fileId":"b1txq8d0tGIK4bPnVS99um"},"_contentSize":{"__type__":"cc.Size","width":358,"height":140},"_trs":{"__type__":"TypedArray","ctor":"Float32Array","array":[157,-551,0,0,0,0,1,1,1,1]}},{"__type__":"cc.Node","_name":"unlockLabel","_parent":{"__id__":14},"_components":[{"__id__":16}],"_prefab":{"__type__":"cc.PrefabInfo","root":{"__id__":1},"asset":{"__uuid__":"27zORpoudEe45EKvdLP8ev"},"fileId":"61pLB79+JNYrWESpIQU3eH"},"_contentSize":{"__type__":"cc.Size","width":250,"height":38.4},"_trs":{"__type__":"TypedArray","ctor":"Float32Array","array":[0,33.736000061035156,0,0,0,0,1,1,1,1]}},{"__type__":"cc.Label","node":{"__id__":15},"_materials":[{"__uuid__":"ecpdLyjvZBwrvm+cedCcQy"}],"_useOriginalSize":false,"_string":"随机解锁","_N$string":"随机解锁","_fontSize":32,"_lineHeight":60,"_N$file":{"__uuid__":"4dDuSJTt5KypeX903osunR"},"_isSystemFontUsed":false,"_N$horizontalAlign":1,"_N$verticalAlign":1,"_N$overflow":2},{"__type__":"cc.Node","_name":"New Label","_parent":{"__id__":14},"_components":[{"__id__":18}],"_prefab":{"__type__":"cc.PrefabInfo","root":{"__id__":1},"asset":{"__uuid__":"27zORpoudEe45EKvdLP8ev"},"fileId":"3aJrFUbNVL+b5mUnvFWqbB"},"_color":{"__type__":"cc.Color","r":8,"g":8,"b":8},"_contentSize":{"__type__":"cc.Size","width":132.36,"height":63},"_anchorPoint":{"__type__":"cc.Vec2","y":0.5},"_trs":{"__type__":"TypedArray","ctor":"Float32Array","array":[-42.986000061035156,-10.63599967956543,0,0,0,0,1,1,1,1]}},{"__type__":"cc.Label","node":{"__id__":17},"_materials":[{"__uuid__":"ecpdLyjvZBwrvm+cedCcQy"}],"_useOriginalSize":false,"_string":"3360/5000","_N$string":"3360/5000","_fontSize":28,"_lineHeight":50,"_N$horizontalAlign":1,"_N$verticalAlign":1},{"__type__":"cc.Node","_name":"gemIcon","_parent":{"__id__":14},"_components":[{"__type__":"cc.Sprite","node":{"__id__":19},"_materials":[{"__uuid__":"ecpdLyjvZBwrvm+cedCcQy"}],"_spriteFrame":{"__uuid__":"94JIyYpIxHJoKt6+4f5JaT"}}],"_prefab":{"__type__":"cc.PrefabInfo","root":{"__id__":1},"asset":{"__uuid__":"27zORpoudEe45EKvdLP8ev"},"fileId":"c1L+wmJUdFhZaze4RdscHo"},"_contentSize":{"__type__":"cc.Size","width":132,"height":115},"_trs":{"__type__":"TypedArray","ctor":"Float32Array","array":[-69.29299926757812,-10.98900032043457,0,0,0,0,1,0.30000001192092896,0.30000001192092896,1]}},{"__type__":"cc.Node","_name":"warn_tag","_parent":{"__id__":14},"_active":false,"_components":[{"__type__":"cc.Sprite","node":{"__id__":20},"_materials":[{"__uuid__":"ecpdLyjvZBwrvm+cedCcQy"}],"_spriteFrame":{"__uuid__":"1dw8tHXApAJIysQAaKjY0+"}}],"_prefab":{"__type__":"cc.PrefabInfo","root":{"__id__":1},"asset":{"__uuid__":"27zORpoudEe45EKvdLP8ev"},"fileId":"c0VZQofKtEs5vq/GgAox+W"},"_contentSize":{"__type__":"cc.Size","width":46,"height":46},"_trs":{"__type__":"TypedArray","ctor":"Float32Array","array":[-151.91600036621094,49.27799987792969,0,0,0,0,1,1,1,1]}},{"__type__":"cc.Button","node":{"__id__":14},"zoomScale":0.9,"clickEvents":[{"__type__":"cc.ClickEvent","target":{"__id__":1},"_componentId":"2579fFjXdtIJqWPhMwSRCLH","handler":"onBuyBtnClicked"}],"_N$transition":3,"transition":3},{"__type__":"cc.Node","_name":"closeBtn","_parent":{"__id__":2},"_components":[{"__type__":"cc.Sprite","node":{"__id__":22},"_materials":[{"__uuid__":"ecpdLyjvZBwrvm+cedCcQy"}],"_spriteFrame":{"__uuid__":"1cpFVWtyFJ9Y3W4ZIDCK7P"}},{"__id__":23}],"_prefab":{"__type__":"cc.PrefabInfo","root":{"__id__":1},"asset":{"__uuid__":"27zORpoudEe45EKvdLP8ev"},"fileId":"41ew7be6pC0q4eQq+vZHBo"},"_contentSize":{"__type__":"cc.Size","width":77,"height":78},"_trs":{"__type__":"TypedArray","ctor":"Float32Array","array":[316.2340087890625,524.4860229492188,0,0,0,0,1,1,1,0]}},{"__type__":"cc.Button","node":{"__id__":22},"zoomScale":0.9,"clickEvents":[{"__type__":"cc.ClickEvent","target":{"__id__":1},"_componentId":"2579fFjXdtIJqWPhMwSRCLH","handler":"onCloseBtnClicked"}],"_N$transition":3,"transition":3}],{"__type__":"cc.SpriteFrame","content":{"name":"anniu_lv","texture":"12lU0XrStJPp/4k3bXl9zW","rect":[0,0,283,108],"offset":[0,0],"originalSize":[283,108],"capInsets":[0,0,0,0]}}]