[{"__type__":"cc.SpriteFrame","content":{"name":"guangao","texture":"47Gr1GaRRM0Z+ChwCQmu0H","rect":[0,0,43,35],"offset":[0,0],"originalSize":[43,35],"capInsets":[0,0,0,0]}},{"__type__":"cc.SpriteFrame","content":{"name":"popFramebg","texture":"23Tios50JOLZ9lzjU09zAN","rect":[0,0,123,219],"offset":[0,0],"originalSize":[123,219],"capInsets":[53,52,53,155]}},{"__type__":"cc.SpriteFrame","content":{"name":"anniu_lv","texture":"12lU0XrStJPp/4k3bXl9zW","rect":[0,0,283,108],"offset":[0,0],"originalSize":[283,108],"capInsets":[0,0,0,0]}},{"__type__":"cc.SpriteFrame","content":{"name":"try_light","texture":"99O+NsH0tDe7AbY3xvB2pe","rect":[0,0,353,351],"offset":[0,0],"originalSize":[353,351],"capInsets":[0,0,0,0]}},[{"__type__":"cc.Prefab","_name":"tryuseAssassinLayer","data":{"__id__":1}},{"__type__":"cc.Node","_name":"tryuseAssassinLayer","_children":[{"__id__":2},{"__id__":3}],"_components":[{"__type__":"cc.Sprite","node":{"__id__":1},"_materials":[{"__uuid__":"ecpdLyjvZBwrvm+cedCcQy"}],"_type":1,"_sizeMode":0},{"__type__":"cc.Layout","node":{"__id__":1},"_layoutSize":{"__type__":"cc.Size","width":900,"height":1600}},{"__type__":"cc.Widget","node":{"__id__":1},"_alignFlags":45,"_originalWidth":200,"_originalHeight":150},{"__type__":"cc.BlockInputEvents","node":{"__id__":1}},{"__type__":"2ba0cDQS+xGxJah9MY5ScV3","node":{"__id__":1},"propertyLabel":{"__id__":9},"info":{"__id__":15},"assassin":{"__id__":10},"tryUseBtn":{"__id__":20},"closeBtn":{"__id__":24},"tryUseBtnLabel":{"__id__":19},"closeBtnLabel":{"__id__":23}}],"_prefab":{"__type__":"cc.PrefabInfo","root":{"__id__":1},"asset":{"__uuid__":"8f+Jtl5fJN/rflKN3GkDQ9"},"fileId":"3bHRmjzi5Hc6/E8gbFpkGw"},"_color":{"__type__":"cc.Color","r":65,"g":65,"b":65},"_contentSize":{"__type__":"cc.Size","width":900,"height":1600},"_trs":{"__type__":"TypedArray","ctor":"Float32Array","array":[450,800,0,0,0,0,1,1,1,1]}},{"__type__":"cc.Node","_name":"New Sprite(Splash)","_parent":{"__id__":1},"_components":[{"__type__":"cc.Sprite","node":{"__id__":2},"_materials":[{"__uuid__":"ecpdLyjvZBwrvm+cedCcQy"}],"_spriteFrame":{"__uuid__":"a2MjXRFdtLlYQ5ouAFv/+R"},"_sizeMode":0},{"__type__":"cc.Widget","node":{"__id__":2},"_alignFlags":45,"_originalWidth":100,"_originalHeight":100}],"_prefab":{"__type__":"cc.PrefabInfo","root":{"__id__":1},"asset":{"__uuid__":"8f+Jtl5fJN/rflKN3GkDQ9"},"fileId":"dbQjAcATlOZouDToKKCan4"},"_opacity":170,"_color":{"__type__":"cc.Color","r":8,"g":8,"b":8},"_contentSize":{"__type__":"cc.Size","width":900,"height":1600},"_trs":{"__type__":"TypedArray","ctor":"Float32Array","array":[0,0,0,0,0,0,1,1,1,1]}},{"__type__":"cc.Node","_name":"New Node","_parent":{"__id__":1},"_children":[{"__id__":4},{"__id__":5},{"__id__":6},{"__id__":16},{"__id__":21}],"_prefab":{"__type__":"cc.PrefabInfo","root":{"__id__":1},"asset":{"__uuid__":"8f+Jtl5fJN/rflKN3GkDQ9"},"fileId":"d9S8WSL9RGVL9WOBtZKpvs"},"_contentSize":{"__type__":"cc.Size","width":750,"height":1334},"_trs":{"__type__":"TypedArray","ctor":"Float32Array","array":[0,0,0,0,0,0,1,1.2000000476837158,1.2000000476837158,1]}},{"__type__":"cc.Node","_name":"star_bg","_parent":{"__id__":3},"_components":[{"__type__":"cc.Sprite","node":{"__id__":4},"_materials":[{"__uuid__":"ecpdLyjvZBwrvm+cedCcQy"}],"_spriteFrame":{"__uuid__":"fbv26LdPtG/rf+JN15L9xq"}},{"__type__":"cc.Animation","node":{"__id__":4},"_defaultClip":{"__uuid__":"96ufx++LpBL6jkctxLqAvk"},"_clips":[{"__uuid__":"96ufx++LpBL6jkctxLqAvk"}],"playOnLoad":true}],"_prefab":{"__type__":"cc.PrefabInfo","root":{"__id__":1},"asset":{"__uuid__":"8f+Jtl5fJN/rflKN3GkDQ9"},"fileId":"4cLN5fV6JF5ImY/nSkxcGF"},"_contentSize":{"__type__":"cc.Size","width":742,"height":495},"_trs":{"__type__":"TypedArray","ctor":"Float32Array","array":[0,161.20700073242188,0,0,0,0,1,0,0,1]}},{"__type__":"cc.Node","_name":"try_light","_parent":{"__id__":3},"_components":[{"__type__":"cc.Sprite","node":{"__id__":5},"_materials":[{"__uuid__":"ecpdLyjvZBwrvm+cedCcQy"}],"_spriteFrame":{"__uuid__":"73QjKJa5VMqKME++uWAg7l"}},{"__type__":"cc.Animation","node":{"__id__":5},"_defaultClip":{"__uuid__":"c3CxbO7opD5IKwn4ZFP69P"},"_clips":[{"__uuid__":"c3CxbO7opD5IKwn4ZFP69P"}],"playOnLoad":true}],"_prefab":{"__type__":"cc.PrefabInfo","root":{"__id__":1},"asset":{"__uuid__":"8f+Jtl5fJN/rflKN3GkDQ9"},"fileId":"d9NiwqPaZHB7OHIgkSlreZ"},"_contentSize":{"__type__":"cc.Size","width":353,"height":351},"_trs":{"__type__":"TypedArray","ctor":"Float32Array","array":[0,103,0,0,0,0,1,2,2,1]}},{"__type__":"cc.Node","_name":"popFramebg","_parent":{"__id__":3},"_children":[{"__id__":7},{"__id__":8},{"__id__":10},{"__id__":14}],"_components":[{"__type__":"cc.Sprite","node":{"__id__":6},"_materials":[{"__uuid__":"ecpdLyjvZBwrvm+cedCcQy"}],"_spriteFrame":{"__uuid__":"45EjwSNCZOB6GzcrIlc0NB"},"_type":1,"_sizeMode":0}],"_prefab":{"__type__":"cc.PrefabInfo","root":{"__id__":1},"asset":{"__uuid__":"8f+Jtl5fJN/rflKN3GkDQ9"},"fileId":"36DKC3WylAbKCCxkvw/IrA"},"_contentSize":{"__type__":"cc.Size","width":485,"height":580},"_trs":{"__type__":"TypedArray","ctor":"Float32Array","array":[0,27,0,0,0,0,1,1,1,1]}},{"__type__":"cc.Node","_name":"marketButtonSelected","_parent":{"__id__":6},"_components":[{"__type__":"cc.Sprite","node":{"__id__":7},"_materials":[{"__uuid__":"ecpdLyjvZBwrvm+cedCcQy"}],"_spriteFrame":{"__uuid__":"cbAnf+Ul5Kpo6FmlMUFuNo"},"_sizeMode":0}],"_prefab":{"__type__":"cc.PrefabInfo","root":{"__id__":1},"asset":{"__uuid__":"8f+Jtl5fJN/rflKN3GkDQ9"},"fileId":"23YRhPjtZNyKPeEUvNGkE4"},"_contentSize":{"__type__":"cc.Size","width":360,"height":180},"_trs":{"__type__":"TypedArray","ctor":"Float32Array","array":[4.627999782562256,137.3459930419922,0,0,0,0,1,1,1,1]}},{"__type__":"cc.Node","_name":"propertyLabel","_parent":{"__id__":6},"_components":[{"__id__":9}],"_prefab":{"__type__":"cc.PrefabInfo","root":{"__id__":1},"asset":{"__uuid__":"8f+Jtl5fJN/rflKN3GkDQ9"},"fileId":"b9U2I/+l5LIJcT+SAgk3oy"},"_contentSize":{"__type__":"cc.Size","width":148.4,"height":28},"_trs":{"__type__":"TypedArray","ctor":"Float32Array","array":[0,73.33200073242188,0,0,0,0,1,1,1,1]}},{"__type__":"cc.Label","node":{"__id__":8},"_materials":[{"__uuid__":"ecpdLyjvZBwrvm+cedCcQy"}],"_useOriginalSize":false,"_string":"+20% 生命","_N$string":"+20% 生命","_fontSize":28,"_lineHeight":50,"_N$file":{"__uuid__":"4dDuSJTt5KypeX903osunR"},"_isSystemFontUsed":false,"_N$horizontalAlign":1,"_N$verticalAlign":1},{"__type__":"cc.Node","_name":"assassin","_parent":{"__id__":6},"_children":[{"__id__":11},{"__id__":12},{"__id__":13}],"_active":false,"_components":[{"__type__":"cc.Animation","node":{"__id__":10},"_defaultClip":{"__uuid__":"50DBMwW9NGQ5Al/Yf4RXMs"},"_clips":[{"__uuid__":"50DBMwW9NGQ5Al/Yf4RXMs"}],"playOnLoad":true},{"__type__":"2249cPpvxVAV7tfQmQDzHVa","node":{"__id__":10},"atk":50,"moveSpd":600,"addSpd":600,"status":100,"hp":100,"body":{"__id__":13},"leftLeg":{"__id__":11},"rightLeg":{"__id__":12}}],"_prefab":{"__type__":"cc.PrefabInfo","root":{"__id__":1},"asset":{"__uuid__":"8f+Jtl5fJN/rflKN3GkDQ9"},"fileId":"fcKXG6MCpIHpBdr+aLzKy9"},"_contentSize":{"__type__":"cc.Size","width":220,"height":170},"_trs":{"__type__":"TypedArray","ctor":"Float32Array","array":[7.276000022888184,162.90798950195312,0,0,0,0,1,-0.699999988079071,0.699999988079071,-0.699999988079071]}},{"__type__":"cc.Node","_name":"leg_left","_parent":{"__id__":10},"_components":[{"__type__":"cc.Sprite","node":{"__id__":11},"_materials":[{"__uuid__":"ecpdLyjvZBwrvm+cedCcQy"}],"_spriteFrame":{"__uuid__":"0cU9TDOuBN7I/S/86K1jz5"}}],"_prefab":{"__type__":"cc.PrefabInfo","root":{"__id__":1},"asset":{"__uuid__":"8f+Jtl5fJN/rflKN3GkDQ9"},"fileId":"4bmB/sCgpKAbTDQAc4L1KZ"},"_contentSize":{"__type__":"cc.Size","width":108,"height":44},"_anchorPoint":{"__type__":"cc.Vec2","y":0.5},"_trs":{"__type__":"TypedArray","ctor":"Float32Array","array":[-4.400000095367432,4.599999904632568,0,0,0,0,1,0,1,1]}},{"__type__":"cc.Node","_name":"leg_right","_parent":{"__id__":10},"_components":[{"__type__":"cc.Sprite","node":{"__id__":12},"_materials":[{"__uuid__":"ecpdLyjvZBwrvm+cedCcQy"}],"_spriteFrame":{"__uuid__":"0cU9TDOuBN7I/S/86K1jz5"}}],"_prefab":{"__type__":"cc.PrefabInfo","root":{"__id__":1},"asset":{"__uuid__":"8f+Jtl5fJN/rflKN3GkDQ9"},"fileId":"5aT1b6cGJDRbNS8/GZjOpg"},"_contentSize":{"__type__":"cc.Size","width":108,"height":44},"_anchorPoint":{"__type__":"cc.Vec2","y":0.5},"_trs":{"__type__":"TypedArray","ctor":"Float32Array","array":[-63.5,-33.099998474121094,0,0,0,0,1,0,1,1]}},{"__type__":"cc.Node","_name":"body","_parent":{"__id__":10},"_components":[{"__type__":"cc.Sprite","node":{"__id__":13},"_materials":[{"__uuid__":"ecpdLyjvZBwrvm+cedCcQy"}],"_spriteFrame":{"__uuid__":"cdSuHttFlAxolBkG027MyR"}}],"_prefab":{"__type__":"cc.PrefabInfo","root":{"__id__":1},"asset":{"__uuid__":"8f+Jtl5fJN/rflKN3GkDQ9"},"fileId":"dasNW0CUtFe42yqVPTSEFD"},"_contentSize":{"__type__":"cc.Size","width":230,"height":172},"_trs":{"__type__":"TypedArray","ctor":"Float32Array","array":[0,-12,0,0,0,0,1,1,-1,1]}},{"__type__":"cc.Node","_name":"label","_parent":{"__id__":6},"_components":[{"__id__":15},{"__type__":"cc.LabelOutline","node":{"__id__":14}}],"_prefab":{"__type__":"cc.PrefabInfo","root":{"__id__":1},"asset":{"__uuid__":"8f+Jtl5fJN/rflKN3GkDQ9"},"fileId":"e4BBT1fPVAZqFgOHqb9+PO"},"_contentSize":{"__type__":"cc.Size","width":360,"height":137.6},"_trs":{"__type__":"TypedArray","ctor":"Float32Array","array":[0,-52,0,0,0,0,1,1,1,1]}},{"__type__":"cc.Label","node":{"__id__":14},"_materials":[{"__uuid__":"ecpdLyjvZBwrvm+cedCcQy"}],"_useOriginalSize":false,"_string":"你真幸运，碰上了可免费试玩的新角色！","_N$string":"你真幸运，碰上了可免费试玩的新角色！","_fontSize":35,"_lineHeight":60,"_N$horizontalAlign":1,"_N$verticalAlign":1,"_N$overflow":2},{"__type__":"cc.Node","_name":"useBtn","_parent":{"__id__":3},"_children":[{"__id__":17},{"__id__":18}],"_components":[{"__type__":"cc.Sprite","node":{"__id__":16},"_materials":[{"__uuid__":"ecpdLyjvZBwrvm+cedCcQy"}],"_spriteFrame":{"__uuid__":"48wijxn+VLeIJj8Z08lcXJ"}},{"__id__":20}],"_prefab":{"__type__":"cc.PrefabInfo","root":{"__id__":1},"asset":{"__uuid__":"8f+Jtl5fJN/rflKN3GkDQ9"},"fileId":"ceHQdkTI9BjYs829zUU2kr"},"_contentSize":{"__type__":"cc.Size","width":283,"height":108},"_trs":{"__type__":"TypedArray","ctor":"Float32Array","array":[15,-263.1260070800781,0,0,0,0,1,1,1,0]}},{"__type__":"cc.Node","_name":"guangao","_parent":{"__id__":16},"_components":[{"__type__":"cc.Sprite","node":{"__id__":17},"_materials":[{"__uuid__":"ecpdLyjvZBwrvm+cedCcQy"}],"_spriteFrame":{"__uuid__":"105mPVtPtKG5CCwU8zooJO"}}],"_prefab":{"__type__":"cc.PrefabInfo","root":{"__id__":1},"asset":{"__uuid__":"8f+Jtl5fJN/rflKN3GkDQ9"},"fileId":"aarjKsVrBDOptHao9mPDAY"},"_contentSize":{"__type__":"cc.Size","width":43,"height":35},"_trs":{"__type__":"TypedArray","ctor":"Float32Array","array":[-80.12999725341797,9.255999565124512,0,0,0,0,1,1,1,1]}},{"__type__":"cc.Node","_name":"useBtnLabel","_parent":{"__id__":16},"_components":[{"__id__":19}],"_prefab":{"__type__":"cc.PrefabInfo","root":{"__id__":1},"asset":{"__uuid__":"8f+Jtl5fJN/rflKN3GkDQ9"},"fileId":"f4y4BLCQpK5rYxxzVLZBdJ"},"_contentSize":{"__type__":"cc.Size","width":142.1,"height":35},"_trs":{"__type__":"TypedArray","ctor":"Float32Array","array":[23.413000106811523,15.23900032043457,0,0,0,0,1,1,1,1]}},{"__type__":"cc.Label","node":{"__id__":18},"_materials":[{"__uuid__":"ecpdLyjvZBwrvm+cedCcQy"}],"_useOriginalSize":false,"_string":"马上试玩","_N$string":"马上试玩","_fontSize":35,"_lineHeight":50,"_N$file":{"__uuid__":"4dDuSJTt5KypeX903osunR"},"_isSystemFontUsed":false,"_N$horizontalAlign":1,"_N$verticalAlign":1,"_N$overflow":2},{"__type__":"cc.Button","node":{"__id__":16},"zoomScale":0.9,"clickEvents":[{"__type__":"cc.ClickEvent","target":{"__id__":1},"_componentId":"2ba0cDQS+xGxJah9MY5ScV3","handler":"onClickedTryUse"}],"_N$transition":3,"transition":3},{"__type__":"cc.Node","_name":"closeBtn","_parent":{"__id__":3},"_children":[{"__id__":22}],"_components":[{"__type__":"cc.Sprite","node":{"__id__":21},"_materials":[{"__uuid__":"ecpdLyjvZBwrvm+cedCcQy"}]},{"__id__":24}],"_prefab":{"__type__":"cc.PrefabInfo","root":{"__id__":1},"asset":{"__uuid__":"8f+Jtl5fJN/rflKN3GkDQ9"},"fileId":"adsRIfT1ZBLZ0C/91BTS0Z"},"_contentSize":{"__type__":"cc.Size","width":121,"height":40},"_trs":{"__type__":"TypedArray","ctor":"Float32Array","array":[10,-366.0010070800781,0,0,0,0,1,1,1,0]}},{"__type__":"cc.Node","_name":"closeBtnLabel","_parent":{"__id__":21},"_components":[{"__id__":23}],"_prefab":{"__type__":"cc.PrefabInfo","root":{"__id__":1},"asset":{"__uuid__":"8f+Jtl5fJN/rflKN3GkDQ9"},"fileId":"4cAbA3SCVMfLvtqu7uQHp5"},"_color":{"__type__":"cc.Color","r":173,"g":177,"b":180},"_contentSize":{"__type__":"cc.Size","width":126.7,"height":35},"_trs":{"__type__":"TypedArray","ctor":"Float32Array","array":[-1,4,0,0,0,0,1,1,1,1]}},{"__type__":"cc.Label","node":{"__id__":22},"_materials":[{"__uuid__":"ecpdLyjvZBwrvm+cedCcQy"}],"_useOriginalSize":false,"_string":"不 用 了","_N$string":"不 用 了","_fontSize":35,"_lineHeight":50,"_N$file":{"__uuid__":"4dDuSJTt5KypeX903osunR"},"_isSystemFontUsed":false,"_N$horizontalAlign":1,"_N$verticalAlign":1},{"__type__":"cc.Button","node":{"__id__":21},"zoomScale":0.9,"clickEvents":[{"__type__":"cc.ClickEvent","target":{"__id__":1},"_componentId":"2ba0cDQS+xGxJah9MY5ScV3","handler":"onClickedClose"}],"_N$transition":3,"transition":3}],{"__type__":"cc.SpriteFrame","content":{"name":"marketButtonSelected","texture":"e5rPEtlZ1N+KC1rNm1FLId","rect":[0,0,304,137],"offset":[0,0],"originalSize":[304,137],"capInsets":[0,0,0,0]}},{"__type__":"cc.SpriteFrame","content":{"name":"star_bg","texture":"ad3nKBYU9Ot45OytmPkrwF","rect":[0,0,742,495],"offset":[0,0],"originalSize":[742,495],"capInsets":[0,0,0,0]}}]