[{"__type__":"cc.SpriteFrame","content":{"name":"anniu_huang","texture":"401mmE3ixLQrko7X5b84th","rect":[0,0,281,108],"offset":[0,0],"originalSize":[281,108],"capInsets":[0,0,0,0]}},{"__type__":"cc.SpriteFrame","content":{"name":"icon_shareVideo","texture":"07E705zTpHa7UuDNYtdwIK","rect":[0,0,33,28],"offset":[0,0],"originalSize":[33,28],"capInsets":[0,0,0,0]}},{"__type__":"cc.SpriteFrame","content":{"name":"check_box","texture":"12VvXyt1tHMqTgjg8l4e2G","rect":[1,1,45,43],"offset":[0.5,-0.5],"originalSize":[46,44],"capInsets":[0,0,0,0]}},{"__type__":"cc.SpriteFrame","content":{"name":"rst_title_bg","texture":"bbrNDsMTBJso0/v5jMMuF0","rect":[0,0,215,104],"offset":[0,0],"originalSize":[215,104],"capInsets":[100,0,101,0]}},{"__type__":"cc.SpriteFrame","content":{"name":"anniu_lv","texture":"12lU0XrStJPp/4k3bXl9zW","rect":[0,0,283,108],"offset":[0,0],"originalSize":[283,108],"capInsets":[0,0,0,0]}},[{"__type__":"cc.Prefab","_name":"GameResultLayer","data":{"__id__":1}},{"__type__":"cc.Node","_name":"GameResultLayer","_children":[{"__id__":2}],"_components":[{"__type__":"cc.Sprite","node":{"__id__":1},"_materials":[{"__uuid__":"ecpdLyjvZBwrvm+cedCcQy"}],"_spriteFrame":{"__uuid__":"f9iUCSUYhBQJ83Ek/TIgCO"},"_type":1,"_sizeMode":0},{"__type__":"cc.Layout","node":{"__id__":1},"_layoutSize":{"__type__":"cc.Size","width":900,"height":1600}},{"__type__":"cc.Widget","node":{"__id__":1},"_alignFlags":45,"_originalWidth":200,"_originalHeight":150},{"__type__":"40e8clbeZpNMb9fI33xFYPp","node":{"__id__":1},"nodeBase":{"__id__":2},"shareBtn":{"__id__":29},"videoBtn":{"__id__":16},"nextBtn":{"__id__":37},"nextLvLabel":{"__id__":36},"upgradeBtn":{"__id__":33},"resetBtnLabel":{"__id__":49},"resetBtn":{"__id__":51},"level":{"__id__":39},"preAddDiamondText":{"__id__":41},"diamondTex":{"__id__":44},"diamondPrefab":{"__uuid__":"2dRxl7XtFBPJIL5f09JNc+"},"shareVideoBtnLabel":{"__id__":25},"videoBtnNode":{"__id__":10},"videoBtnLabel":{"__id__":15},"videoBtnTxt":{"__id__":12},"title":{"__id__":5},"failTitle":{"__id__":8},"succTitleNode":{"__id__":3},"failTitleNode":{"__id__":6},"upgradeBtnLabel":{"__id__":32},"shareVideoRewardLabel":{"__id__":28},"toggle":{"__id__":21}},{"__type__":"cc.BlockInputEvents","node":{"__id__":1}}],"_prefab":{"__type__":"cc.PrefabInfo","root":{"__id__":1},"asset":{"__uuid__":"75iJyk0hpPM6HtiRRNEIwn"},"fileId":"61cGU54sJOdKO9QmGI557t"},"_contentSize":{"__type__":"cc.Size","width":900,"height":1600},"_trs":{"__type__":"TypedArray","ctor":"Float32Array","array":[450,800,0,0,0,0,1,1,1,1]}},{"__type__":"cc.Node","_name":"New Node","_parent":{"__id__":1},"_children":[{"__id__":3},{"__id__":6},{"__id__":9},{"__id__":10},{"__id__":22},{"__id__":30},{"__id__":34},{"__id__":38},{"__id__":40},{"__id__":42},{"__id__":45},{"__id__":47}],"_prefab":{"__type__":"cc.PrefabInfo","root":{"__id__":1},"asset":{"__uuid__":"75iJyk0hpPM6HtiRRNEIwn"},"fileId":"c3wBggo+VKC4+tzRcZdWuU"},"_trs":{"__type__":"TypedArray","ctor":"Float32Array","array":[0,0,0,0,0,0,1,1.2000000476837158,1.2000000476837158,1]}},{"__type__":"cc.Node","_name":"successTitle","_parent":{"__id__":2},"_children":[{"__id__":4}],"_active":false,"_components":[{"__type__":"cc.Sprite","node":{"__id__":3},"_materials":[{"__uuid__":"ecpdLyjvZBwrvm+cedCcQy"}],"_spriteFrame":{"__uuid__":"44lrX0M+pBuqPYVgtHEMEM"},"_type":1,"_sizeMode":0}],"_prefab":{"__type__":"cc.PrefabInfo","root":{"__id__":1},"asset":{"__uuid__":"75iJyk0hpPM6HtiRRNEIwn"},"fileId":"c7YO4EDg9Bc56PTgLxTSVG"},"_contentSize":{"__type__":"cc.Size","width":546,"height":104},"_trs":{"__type__":"TypedArray","ctor":"Float32Array","array":[0,308,0,0,0,0,1,1,1,1]}},{"__type__":"cc.Node","_name":"passLabel","_parent":{"__id__":3},"_components":[{"__id__":5}],"_prefab":{"__type__":"cc.PrefabInfo","root":{"__id__":1},"asset":{"__uuid__":"75iJyk0hpPM6HtiRRNEIwn"},"fileId":"24DWEyVfBCtJxyWJ5oIOSr"},"_contentSize":{"__type__":"cc.Size","width":118,"height":60},"_trs":{"__type__":"TypedArray","ctor":"Float32Array","array":[0,-5,0,0,0,0,1,1,1,1]}},{"__type__":"cc.Label","node":{"__id__":4},"_materials":[{"__uuid__":"ecpdLyjvZBwrvm+cedCcQy"}],"_useOriginalSize":false,"_string":"通 过","_N$string":"通 过","_fontSize":50,"_lineHeight":60,"_N$file":{"__uuid__":"4dDuSJTt5KypeX903osunR"},"_isSystemFontUsed":false,"_N$horizontalAlign":1,"_N$verticalAlign":1},{"__type__":"cc.Node","_name":"faileTitle","_parent":{"__id__":2},"_children":[{"__id__":7}],"_active":false,"_components":[{"__type__":"cc.Sprite","node":{"__id__":6},"_materials":[{"__uuid__":"ecpdLyjvZBwrvm+cedCcQy"}],"_spriteFrame":{"__uuid__":"81lOf9dYFCRb22gh/UCrmv"},"_type":1,"_sizeMode":0}],"_prefab":{"__type__":"cc.PrefabInfo","root":{"__id__":1},"asset":{"__uuid__":"75iJyk0hpPM6HtiRRNEIwn"},"fileId":"d3Z6TMFBJKjbhue0RbdXlx"},"_contentSize":{"__type__":"cc.Size","width":546,"height":104},"_trs":{"__type__":"TypedArray","ctor":"Float32Array","array":[0,308,0,0,0,0,1,1,1,1]}},{"__type__":"cc.Node","_name":"failLabel","_parent":{"__id__":6},"_components":[{"__id__":8}],"_prefab":{"__type__":"cc.PrefabInfo","root":{"__id__":1},"asset":{"__uuid__":"75iJyk0hpPM6HtiRRNEIwn"},"fileId":"81svNpiT1MLrUsocVrEwWZ"},"_contentSize":{"__type__":"cc.Size","width":118,"height":60},"_trs":{"__type__":"TypedArray","ctor":"Float32Array","array":[0,-5,0,0,0,0,1,1,1,1]}},{"__type__":"cc.Label","node":{"__id__":7},"_materials":[{"__uuid__":"ecpdLyjvZBwrvm+cedCcQy"}],"_useOriginalSize":false,"_string":"失 败","_N$string":"失 败","_fontSize":50,"_lineHeight":60,"_N$file":{"__uuid__":"4dDuSJTt5KypeX903osunR"},"_isSystemFontUsed":false,"_N$horizontalAlign":1,"_N$verticalAlign":1},{"__type__":"cc.Node","_name":"coin","_parent":{"__id__":2},"_components":[{"__type__":"cc.Sprite","node":{"__id__":9},"_materials":[{"__uuid__":"ecpdLyjvZBwrvm+cedCcQy"}],"_spriteFrame":{"__uuid__":"94JIyYpIxHJoKt6+4f5JaT"}}],"_prefab":{"__type__":"cc.PrefabInfo","root":{"__id__":1},"asset":{"__uuid__":"75iJyk0hpPM6HtiRRNEIwn"},"fileId":"5f2PB982BFvKFKjgRh62BC"},"_contentSize":{"__type__":"cc.Size","width":120,"height":98},"_trs":{"__type__":"TypedArray","ctor":"Float32Array","array":[-54.94499969482422,143.94900512695312,0,0,0,0,1,0.699999988079071,0.699999988079071,0.699999988079071]}},{"__type__":"cc.Node","_name":"New Node","_parent":{"__id__":2},"_children":[{"__id__":11},{"__id__":13},{"__id__":17}],"_prefab":{"__type__":"cc.PrefabInfo","root":{"__id__":1},"asset":{"__uuid__":"75iJyk0hpPM6HtiRRNEIwn"},"fileId":"4dpGES0EtDaq8f8nCCmdl/"},"_trs":{"__type__":"TypedArray","ctor":"Float32Array","array":[0,35,0,0,0,0,1,1,1,1]}},{"__type__":"cc.Node","_name":"label_video","_parent":{"__id__":10},"_components":[{"__id__":12},{"__type__":"cc.LabelOutline","node":{"__id__":11},"_width":0.5}],"_prefab":{"__type__":"cc.PrefabInfo","root":{"__id__":1},"asset":{"__uuid__":"75iJyk0hpPM6HtiRRNEIwn"},"fileId":"0adaCpr81CzpJew9tUh/qF"},"_contentSize":{"__type__":"cc.Size","width":150,"height":30},"_anchorPoint":{"__type__":"cc.Vec2","y":0.5},"_trs":{"__type__":"TypedArray","ctor":"Float32Array","array":[-52,-67.37799835205078,0,0,0,0,1,1,1,1]}},{"__type__":"cc.Label","node":{"__id__":11},"_materials":[{"__uuid__":"ecpdLyjvZBwrvm+cedCcQy"}],"_useOriginalSize":false,"_string":"看视频3倍领取","_N$string":"看视频3倍领取","_fontSize":20,"_lineHeight":60,"_N$file":{"__uuid__":"4dDuSJTt5KypeX903osunR"},"_isSystemFontUsed":false,"_N$verticalAlign":1,"_N$overflow":2},{"__type__":"cc.Node","_name":"videoBtn","_parent":{"__id__":10},"_children":[{"__id__":14}],"_components":[{"__type__":"cc.Sprite","node":{"__id__":13},"_materials":[{"__uuid__":"ecpdLyjvZBwrvm+cedCcQy"}],"_spriteFrame":{"__uuid__":"1akFtGHClJhJ+z+kHqcBCB"}},{"__id__":16}],"_prefab":{"__type__":"cc.PrefabInfo","root":{"__id__":1},"asset":{"__uuid__":"75iJyk0hpPM6HtiRRNEIwn"},"fileId":"beKk6ToUFPAIAJyYvnFNtU"},"_contentSize":{"__type__":"cc.Size","width":283,"height":108},"_trs":{"__type__":"TypedArray","ctor":"Float32Array","array":[0,0,0,0,0,0,1,1,1,0]}},{"__type__":"cc.Node","_name":"getSoonLabel","_parent":{"__id__":13},"_components":[{"__id__":15}],"_prefab":{"__type__":"cc.PrefabInfo","root":{"__id__":1},"asset":{"__uuid__":"75iJyk0hpPM6HtiRRNEIwn"},"fileId":"e4Grt+4QJDtYgrvygVBMxJ"},"_contentSize":{"__type__":"cc.Size","width":200,"height":45.6},"_trs":{"__type__":"TypedArray","ctor":"Float32Array","array":[-3,10,0,0,0,0,1,1,1,1]}},{"__type__":"cc.Label","node":{"__id__":14},"_materials":[{"__uuid__":"ecpdLyjvZBwrvm+cedCcQy"}],"_string":"马上领取","_N$string":"马上领取","_fontSize":35,"_lineHeight":60,"_N$file":{"__uuid__":"4dDuSJTt5KypeX903osunR"},"_isSystemFontUsed":false,"_N$horizontalAlign":1,"_N$overflow":2},{"__type__":"cc.Button","node":{"__id__":13},"zoomScale":0.9,"clickEvents":[{"__type__":"cc.ClickEvent","target":{"__id__":1},"_componentId":"40e8clbeZpNMb9fI33xFYPp","handler":"onVideoBtnClicked"}],"_N$transition":3,"transition":3,"_N$normalColor":{"__type__":"cc.Color","r":214,"g":214,"b":214}},{"__type__":"cc.Node","_name":"toggle","_parent":{"__id__":10},"_children":[{"__id__":18},{"__id__":19}],"_components":[{"__id__":21}],"_prefab":{"__type__":"cc.PrefabInfo","root":{"__id__":1},"asset":{"__uuid__":"75iJyk0hpPM6HtiRRNEIwn"},"fileId":"62MUouMmFHZKxx6PnOHe53"},"_contentSize":{"__type__":"cc.Size","width":28,"height":28},"_trs":{"__type__":"TypedArray","ctor":"Float32Array","array":[-81.51799774169922,-70.1760025024414,0,0,0,0,1,1,1,1]}},{"__type__":"cc.Node","_name":"Background","_parent":{"__id__":17},"_components":[{"__type__":"cc.Sprite","node":{"__id__":18},"_materials":[{"__uuid__":"ecpdLyjvZBwrvm+cedCcQy"}],"_spriteFrame":{"__uuid__":"3csyW3uFZB9Jr4Is3sxfGL"}}],"_prefab":{"__type__":"cc.PrefabInfo","root":{"__id__":1},"asset":{"__uuid__":"75iJyk0hpPM6HtiRRNEIwn"},"fileId":"16MqdPRoFBq7KOvRKM+uQy"},"_contentSize":{"__type__":"cc.Size","width":45,"height":43},"_trs":{"__type__":"TypedArray","ctor":"Float32Array","array":[0,0,0,0,0,0,1,1,1,0]}},{"__type__":"cc.Node","_name":"checkmark","_parent":{"__id__":17},"_components":[{"__id__":20}],"_prefab":{"__type__":"cc.PrefabInfo","root":{"__id__":1},"asset":{"__uuid__":"75iJyk0hpPM6HtiRRNEIwn"},"fileId":"a7VkcdgK1MwJiwyCU9jj0g"},"_contentSize":{"__type__":"cc.Size","width":43,"height":34},"_trs":{"__type__":"TypedArray","ctor":"Float32Array","array":[0,0,0,0,0,0,1,1,1,1]}},{"__type__":"cc.Sprite","node":{"__id__":19},"_materials":[{"__uuid__":"ecpdLyjvZBwrvm+cedCcQy"}],"_spriteFrame":{"__uuid__":"a5Yfkwy1tCzrW8GY+DQX4v"},"_sizeMode":2,"_isTrimmedMode":false},{"__type__":"cc.Toggle","node":{"__id__":17},"zoomScale":0.9,"_N$transition":3,"transition":3,"_N$normalColor":{"__type__":"cc.Color","r":214,"g":214,"b":214},"_N$target":{"__id__":18},"checkMark":{"__id__":20},"checkEvents":[{"__type__":"cc.ClickEvent","target":{"__id__":1},"_componentId":"40e8clbeZpNMb9fI33xFYPp","handler":"onToggleClicked"}]},{"__type__":"cc.Node","_name":"shareBtn","_parent":{"__id__":2},"_children":[{"__id__":23},{"__id__":24},{"__id__":26},{"__id__":27}],"_active":false,"_components":[{"__type__":"cc.Sprite","node":{"__id__":22},"_materials":[{"__uuid__":"ecpdLyjvZBwrvm+cedCcQy"}],"_spriteFrame":{"__uuid__":"06gelz9XtDIKH6p+bYZxyG"}},{"__id__":29}],"_prefab":{"__type__":"cc.PrefabInfo","root":{"__id__":1},"asset":{"__uuid__":"75iJyk0hpPM6HtiRRNEIwn"},"fileId":"49Kf45aDVJhoMQ6nG+No2d"},"_contentSize":{"__type__":"cc.Size","width":281,"height":108},"_trs":{"__type__":"TypedArray","ctor":"Float32Array","array":[0,-140,0,0,0,0,1,1,1,1]}},{"__type__":"cc.Node","_name":"share","_parent":{"__id__":22},"_components":[{"__type__":"cc.Sprite","node":{"__id__":23},"_materials":[{"__uuid__":"ecpdLyjvZBwrvm+cedCcQy"}],"_spriteFrame":{"__uuid__":"1bc1qOLRpHNq8p9Fm6ub/I"}}],"_prefab":{"__type__":"cc.PrefabInfo","root":{"__id__":1},"asset":{"__uuid__":"75iJyk0hpPM6HtiRRNEIwn"},"fileId":"43uG+aaQFAgYlX7ofMekQj"},"_contentSize":{"__type__":"cc.Size","width":33,"height":28},"_anchorPoint":{"__type__":"cc.Vec2","y":0.5},"_trs":{"__type__":"TypedArray","ctor":"Float32Array","array":[-101.26000213623047,19.20599937438965,0,0,0,0,1,1,1,1]}},{"__type__":"cc.Node","_name":"label_share_screen","_parent":{"__id__":22},"_components":[{"__id__":25}],"_prefab":{"__type__":"cc.PrefabInfo","root":{"__id__":1},"asset":{"__uuid__":"75iJyk0hpPM6HtiRRNEIwn"},"fileId":"9bghvDs0pAK6xom/ESLj3+"},"_contentSize":{"__type__":"cc.Size","width":200,"height":45.6},"_trs":{"__type__":"TypedArray","ctor":"Float32Array","array":[-1.6239999532699585,21.635000228881836,0,0,0,0,1,1,1,1]}},{"__type__":"cc.Label","node":{"__id__":24},"_materials":[{"__uuid__":"ecpdLyjvZBwrvm+cedCcQy"}],"_string":"分享录屏","_N$string":"分享录屏","_fontSize":30,"_lineHeight":60,"_N$file":{"__uuid__":"4dDuSJTt5KypeX903osunR"},"_isSystemFontUsed":false,"_N$horizontalAlign":1,"_N$overflow":2},{"__type__":"cc.Node","_name":"gemIcon","_parent":{"__id__":22},"_components":[{"__type__":"cc.Sprite","node":{"__id__":26},"_materials":[{"__uuid__":"ecpdLyjvZBwrvm+cedCcQy"}],"_spriteFrame":{"__uuid__":"94JIyYpIxHJoKt6+4f5JaT"}}],"_prefab":{"__type__":"cc.PrefabInfo","root":{"__id__":1},"asset":{"__uuid__":"75iJyk0hpPM6HtiRRNEIwn"},"fileId":"71aLRg2kZM74CqVvXAaxR5"},"_contentSize":{"__type__":"cc.Size","width":132,"height":115},"_trs":{"__type__":"TypedArray","ctor":"Float32Array","array":[-42.257999420166016,-13.517999649047852,0,0,0,0,1,0.20000000298023224,0.20000000298023224,1]}},{"__type__":"cc.Node","_name":"rewardLabel","_parent":{"__id__":22},"_components":[{"__id__":28}],"_prefab":{"__type__":"cc.PrefabInfo","root":{"__id__":1},"asset":{"__uuid__":"75iJyk0hpPM6HtiRRNEIwn"},"fileId":"2bnq1ncLxHrpBw8XjkMT0r"},"_contentSize":{"__type__":"cc.Size","width":100,"height":24},"_anchorPoint":{"__type__":"cc.Vec2","y":0.5},"_trs":{"__type__":"TypedArray","ctor":"Float32Array","array":[-24.04599952697754,-8.189000129699707,0,0,0,0,1,1,1,1]}},{"__type__":"cc.Label","node":{"__id__":27},"_materials":[{"__uuid__":"ecpdLyjvZBwrvm+cedCcQy"}],"_useOriginalSize":false,"_string":"+200","_N$string":"+200","_fontSize":20,"_lineHeight":60,"_N$file":{"__uuid__":"4dDuSJTt5KypeX903osunR"},"_isSystemFontUsed":false,"_N$verticalAlign":1,"_N$overflow":2},{"__type__":"cc.Button","node":{"__id__":22},"zoomScale":0.9,"clickEvents":[{"__type__":"cc.ClickEvent","target":{"__id__":1},"_componentId":"40e8clbeZpNMb9fI33xFYPp","handler":"onShareBtnClicked"}],"_N$transition":3,"transition":3,"_N$normalColor":{"__type__":"cc.Color","r":214,"g":214,"b":214}},{"__type__":"cc.Node","_name":"upgradeBtn","_parent":{"__id__":2},"_children":[{"__id__":31}],"_active":false,"_components":[{"__type__":"cc.Sprite","node":{"__id__":30},"_materials":[{"__uuid__":"ecpdLyjvZBwrvm+cedCcQy"}],"_spriteFrame":{"__uuid__":"48wijxn+VLeIJj8Z08lcXJ"}},{"__id__":33}],"_prefab":{"__type__":"cc.PrefabInfo","root":{"__id__":1},"asset":{"__uuid__":"75iJyk0hpPM6HtiRRNEIwn"},"fileId":"e3vR1TjiZPYqpZAYRL3Qek"},"_contentSize":{"__type__":"cc.Size","width":283,"height":108},"_trs":{"__type__":"TypedArray","ctor":"Float32Array","array":[0,-140,0,0,0,0,1,1,1,1]}},{"__type__":"cc.Node","_name":"btn_label","_parent":{"__id__":30},"_components":[{"__id__":32}],"_prefab":{"__type__":"cc.PrefabInfo","root":{"__id__":1},"asset":{"__uuid__":"75iJyk0hpPM6HtiRRNEIwn"},"fileId":"7efFvjoStGobsMO5Bu5aTx"},"_contentSize":{"__type__":"cc.Size","width":200,"height":45},"_trs":{"__type__":"TypedArray","ctor":"Float32Array","array":[0,12,0,0,0,0,1,1,1,1]}},{"__type__":"cc.Label","node":{"__id__":31},"_materials":[{"__uuid__":"ecpdLyjvZBwrvm+cedCcQy"}],"_string":"升级忍者","_N$string":"升级忍者","_fontSize":38,"_lineHeight":60,"_N$file":{"__uuid__":"4dDuSJTt5KypeX903osunR"},"_isSystemFontUsed":false,"_N$horizontalAlign":1,"_N$overflow":2},{"__type__":"cc.Button","node":{"__id__":30},"zoomScale":0.9,"clickEvents":[{"__type__":"cc.ClickEvent","target":{"__id__":1},"_componentId":"40e8clbeZpNMb9fI33xFYPp","handler":"onGradeBtnClicked"}],"_N$transition":3,"transition":3,"_N$normalColor":{"__type__":"cc.Color","r":214,"g":214,"b":214}},{"__type__":"cc.Node","_name":"nextBtn","_parent":{"__id__":2},"_children":[{"__id__":35}],"_active":false,"_components":[{"__type__":"cc.Sprite","node":{"__id__":34},"_materials":[{"__uuid__":"ecpdLyjvZBwrvm+cedCcQy"}],"_sizeMode":0},{"__id__":37}],"_prefab":{"__type__":"cc.PrefabInfo","root":{"__id__":1},"asset":{"__uuid__":"75iJyk0hpPM6HtiRRNEIwn"},"fileId":"d04HCtzapIiKOFCaj94pYZ"},"_contentSize":{"__type__":"cc.Size","width":180,"height":100},"_trs":{"__type__":"TypedArray","ctor":"Float32Array","array":[0,-280.02899169921875,0,0,0,0,1,1,1,1]}},{"__type__":"cc.Node","_name":"label_next_level","_parent":{"__id__":34},"_components":[{"__id__":36}],"_prefab":{"__type__":"cc.PrefabInfo","root":{"__id__":1},"asset":{"__uuid__":"75iJyk0hpPM6HtiRRNEIwn"},"fileId":"ca8qO+5mBOpIQlftlQS/Tz"},"_contentSize":{"__type__":"cc.Size","width":180,"height":48},"_trs":{"__type__":"TypedArray","ctor":"Float32Array","array":[0,0,0,0,0,0,1,1,1,1]}},{"__type__":"cc.Label","node":{"__id__":35},"_materials":[{"__uuid__":"ecpdLyjvZBwrvm+cedCcQy"}],"_string":"下一关","_N$string":"下一关","_lineHeight":60,"_N$file":{"__uuid__":"4dDuSJTt5KypeX903osunR"},"_isSystemFontUsed":false,"_N$horizontalAlign":1,"_N$verticalAlign":1,"_N$overflow":2},{"__type__":"cc.Button","node":{"__id__":34},"zoomScale":0.9,"clickEvents":[{"__type__":"cc.ClickEvent","target":{"__id__":1},"_componentId":"40e8clbeZpNMb9fI33xFYPp","handler":"onNextBtnClicked"}],"_N$transition":3,"transition":3,"_N$normalColor":{"__type__":"cc.Color","r":214,"g":214,"b":214}},{"__type__":"cc.Node","_name":"levelstr","_parent":{"__id__":2},"_components":[{"__id__":39},{"__type__":"cc.LabelOutline","node":{"__id__":38},"_color":{"__type__":"cc.Color","r":24,"g":21,"b":21}}],"_prefab":{"__type__":"cc.PrefabInfo","root":{"__id__":1},"asset":{"__uuid__":"75iJyk0hpPM6HtiRRNEIwn"},"fileId":"9fz6LP16dJjoIQwsKRCPuu"},"_contentSize":{"__type__":"cc.Size","width":120.6,"height":54},"_trs":{"__type__":"TypedArray","ctor":"Float32Array","array":[0,412,0,0,0,0,1,1,1,1]}},{"__type__":"cc.Label","node":{"__id__":38},"_materials":[{"__uuid__":"ecpdLyjvZBwrvm+cedCcQy"}],"_useOriginalSize":false,"_string":"第7关","_N$string":"第7关","_fontSize":45,"_lineHeight":60,"_N$file":{"__uuid__":"4dDuSJTt5KypeX903osunR"},"_isSystemFontUsed":false,"_N$horizontalAlign":1,"_N$verticalAlign":1},{"__type__":"cc.Node","_name":"diamondStr","_parent":{"__id__":2},"_components":[{"__id__":41},{"__type__":"cc.LabelOutline","node":{"__id__":40},"_color":{"__type__":"cc.Color","r":24,"g":21,"b":21},"_width":1.3}],"_prefab":{"__type__":"cc.PrefabInfo","root":{"__id__":1},"asset":{"__uuid__":"75iJyk0hpPM6HtiRRNEIwn"},"fileId":"80Cc0WFj1HNJu0WylgXjQp"},"_contentSize":{"__type__":"cc.Size","width":100.32,"height":38},"_anchorPoint":{"__type__":"cc.Vec2","y":0.5},"_trs":{"__type__":"TypedArray","ctor":"Float32Array","array":[-3,151,0,0,0,0,1,1,1,1]}},{"__type__":"cc.Label","node":{"__id__":40},"_materials":[{"__uuid__":"ecpdLyjvZBwrvm+cedCcQy"}],"_useOriginalSize":false,"_string":"+188","_N$string":"+188","_fontSize":38,"_lineHeight":50,"_N$file":{"__uuid__":"4dDuSJTt5KypeX903osunR"},"_isSystemFontUsed":false,"_N$horizontalAlign":1,"_N$verticalAlign":1},{"__type__":"cc.Node","_name":"gemIconOutlined","_parent":{"__id__":2},"_children":[{"__id__":43}],"_components":[{"__type__":"cc.Sprite","node":{"__id__":42},"_materials":[{"__uuid__":"ecpdLyjvZBwrvm+cedCcQy"}],"_spriteFrame":{"__uuid__":"f01EHdh2NIG42/2/LQHPlB"}}],"_prefab":{"__type__":"cc.PrefabInfo","root":{"__id__":1},"asset":{"__uuid__":"75iJyk0hpPM6HtiRRNEIwn"},"fileId":"200l49hi9NgZvnRPZElDA1"},"_contentSize":{"__type__":"cc.Size","width":126,"height":112},"_trs":{"__type__":"TypedArray","ctor":"Float32Array","array":[-287.41900634765625,542.3809814453125,0,0,0,0,1,1,1,1]}},{"__type__":"cc.Node","_name":"New Label","_parent":{"__id__":42},"_components":[{"__id__":44}],"_prefab":{"__type__":"cc.PrefabInfo","root":{"__id__":1},"asset":{"__uuid__":"75iJyk0hpPM6HtiRRNEIwn"},"fileId":"134bwsoqNC65NPHqIIXoeW"},"_contentSize":{"__type__":"cc.Size","width":39.6,"height":84},"_anchorPoint":{"__type__":"cc.Vec2","y":0.5},"_trs":{"__type__":"TypedArray","ctor":"Float32Array","array":[82,4,0,0,0,0,1,1,1,1]}},{"__type__":"cc.Label","node":{"__id__":43},"_materials":[{"__uuid__":"ecpdLyjvZBwrvm+cedCcQy"}],"_useOriginalSize":false,"_string":"0","_N$string":"0","_fontSize":60,"_lineHeight":70,"_N$file":{"__uuid__":"7275qsWztASKGxhO43reCt"},"_isSystemFontUsed":false,"_N$horizontalAlign":1,"_N$verticalAlign":1},{"__type__":"cc.Node","_name":"homeBtn","_parent":{"__id__":2},"_children":[{"__id__":46}],"_components":[{"__type__":"cc.Sprite","node":{"__id__":45},"_materials":[{"__uuid__":"ecpdLyjvZBwrvm+cedCcQy"}],"_spriteFrame":{"__uuid__":"1akFtGHClJhJ+z+kHqcBCB"},"_type":1,"_sizeMode":0},{"__type__":"cc.Button","node":{"__id__":45},"zoomScale":0.9,"clickEvents":[{"__type__":"cc.ClickEvent","target":{"__id__":1},"_componentId":"40e8clbeZpNMb9fI33xFYPp","handler":"onGoHomeBtnClicked"}],"_N$transition":3,"transition":3}],"_prefab":{"__type__":"cc.PrefabInfo","root":{"__id__":1},"asset":{"__uuid__":"75iJyk0hpPM6HtiRRNEIwn"},"fileId":"c2rVNH+n1FC5bHE0x5eDq/"},"_contentSize":{"__type__":"cc.Size","width":150,"height":108},"_trs":{"__type__":"TypedArray","ctor":"Float32Array","array":[-268.11700439453125,-399.3699951171875,0,0,0,0,1,1,1,0]}},{"__type__":"cc.Node","_name":"returnIcon","_parent":{"__id__":45},"_components":[{"__type__":"cc.Sprite","node":{"__id__":46},"_materials":[{"__uuid__":"ecpdLyjvZBwrvm+cedCcQy"}],"_spriteFrame":{"__uuid__":"22BvY++eBH17e6I5FVv8Bz"}}],"_prefab":{"__type__":"cc.PrefabInfo","root":{"__id__":1},"asset":{"__uuid__":"75iJyk0hpPM6HtiRRNEIwn"},"fileId":"abtwCjNdFIaLcpNLaOqDwk"},"_contentSize":{"__type__":"cc.Size","width":65,"height":51},"_trs":{"__type__":"TypedArray","ctor":"Float32Array","array":[0,7.784999847412109,0,0,0,0,1,-1,1,1]}},{"__type__":"cc.Node","_name":"resetBtn","_parent":{"__id__":2},"_children":[{"__id__":48},{"__id__":50}],"_active":false,"_components":[{"__type__":"cc.Sprite","node":{"__id__":47},"_materials":[{"__uuid__":"ecpdLyjvZBwrvm+cedCcQy"}],"_sizeMode":0},{"__id__":51}],"_prefab":{"__type__":"cc.PrefabInfo","root":{"__id__":1},"asset":{"__uuid__":"75iJyk0hpPM6HtiRRNEIwn"},"fileId":"7ceA693eZNf6G1qnighLN8"},"_contentSize":{"__type__":"cc.Size","width":180,"height":100},"_trs":{"__type__":"TypedArray","ctor":"Float32Array","array":[0,-280.02899169921875,0,0,0,0,1,1,1,1]}},{"__type__":"cc.Node","_name":"label_reset","_parent":{"__id__":47},"_components":[{"__id__":49}],"_prefab":{"__type__":"cc.PrefabInfo","root":{"__id__":1},"asset":{"__uuid__":"75iJyk0hpPM6HtiRRNEIwn"},"fileId":"6cDZ86hhVB45McSy6ke7kY"},"_contentSize":{"__type__":"cc.Size","width":180,"height":48},"_anchorPoint":{"__type__":"cc.Vec2","x":1,"y":0.5},"_trs":{"__type__":"TypedArray","ctor":"Float32Array","array":[59,0,0,0,0,0,1,1,1,1]}},{"__type__":"cc.Label","node":{"__id__":48},"_materials":[{"__uuid__":"ecpdLyjvZBwrvm+cedCcQy"}],"_string":"再次尝试","_N$string":"再次尝试","_lineHeight":60,"_N$file":{"__uuid__":"4dDuSJTt5KypeX903osunR"},"_isSystemFontUsed":false,"_N$horizontalAlign":2,"_N$overflow":2},{"__type__":"cc.Node","_name":"New Sprite","_parent":{"__id__":47},"_components":[{"__type__":"cc.Sprite","node":{"__id__":50},"_materials":[{"__uuid__":"ecpdLyjvZBwrvm+cedCcQy"}],"_spriteFrame":{"__uuid__":"91+6ucHgJBxb2eApuoNoAP"}}],"_prefab":{"__type__":"cc.PrefabInfo","root":{"__id__":1},"asset":{"__uuid__":"75iJyk0hpPM6HtiRRNEIwn"},"fileId":"62dbUQUI9Dfb2m4nZAkO3n"},"_contentSize":{"__type__":"cc.Size","width":39,"height":43},"_trs":{"__type__":"TypedArray","ctor":"Float32Array","array":[83.08899688720703,0,0,0,0,0,1,1,1,1]}},{"__type__":"cc.Button","node":{"__id__":47},"zoomScale":0.9,"clickEvents":[{"__type__":"cc.ClickEvent","target":{"__id__":1},"_componentId":"40e8clbeZpNMb9fI33xFYPp","handler":"onResetBtnClicked"}],"_N$transition":3,"transition":3,"_N$normalColor":{"__type__":"cc.Color","r":214,"g":214,"b":214}}],{"__type__":"cc.SpriteFrame","content":{"name":"result_title_bg2","texture":"638kGHo5dNpJV1yOxob3/7","rect":[0,0,215,104],"offset":[0,0],"originalSize":[215,104],"capInsets":[108,0,107,0]}},{"__type__":"cc.SpriteFrame","content":{"name":"reset_icon","texture":"29UzE1YlxIj6BBodHYI3Ty","rect":[0,1,39,43],"offset":[0,-0.5],"originalSize":[39,44],"capInsets":[0,0,0,0]}},{"__type__":"cc.SpriteFrame","content":{"name":"check_tag","texture":"58yJ03M7tJSJ8uiQ4iMNxe","rect":[0,0,43,33],"offset":[0,0.5],"originalSize":[43,34],"capInsets":[0,0,0,0]}},{"__type__":"cc.SpriteFrame","content":{"name":"zhezhao","texture":"0aCgAekftE7rZFjUoR0tK9","rect":[0,0,180,320],"offset":[0,0],"originalSize":[180,320],"capInsets":[0,0,0,0]}}]