[{"__type__":"cc.SpriteFrame","content":{"name":"guangao","texture":"47Gr1GaRRM0Z+ChwCQmu0H","rect":[0,0,43,35],"offset":[0,0],"originalSize":[43,35],"capInsets":[0,0,0,0]}},{"__type__":"cc.SpriteFrame","content":{"name":"anniu_lv","texture":"12lU0XrStJPp/4k3bXl9zW","rect":[0,0,283,108],"offset":[0,0],"originalSize":[283,108],"capInsets":[0,0,0,0]}},{"__type__":"cc.SpriteFrame","content":{"name":"tiao_lv","texture":"2aO06HlcJBxJvvRYO1Q08F","rect":[0,0,18,18],"offset":[0,0],"originalSize":[18,18],"capInsets":[0,0,0,0]}},[{"__type__":"cc.Prefab","_name":"relifeLayer","data":{"__id__":1}},{"__type__":"cc.Node","_name":"relifeLayer","_children":[{"__id__":2}],"_components":[{"__type__":"cc.Sprite","node":{"__id__":1},"_type":1,"_sizeMode":0},{"__type__":"cc.Layout","node":{"__id__":1},"_layoutSize":{"__type__":"cc.Size","width":900,"height":1600}},{"__type__":"cc.Widget","node":{"__id__":1},"_alignFlags":45,"_originalWidth":200,"_originalHeight":150},{"__type__":"033a8I0SOVHCocoYbhDTQfc","node":{"__id__":1},"reLifeBtn":{"__id__":9},"closeBtn":{"__id__":16},"progressBar":{"__id__":20},"relifeBtnLabel":{"__id__":8},"closeBtnLabel":{"__id__":15},"upgradeBtnLabel":{"__id__":12}},{"__type__":"cc.BlockInputEvents","node":{"__id__":1}}],"_prefab":{"__type__":"cc.PrefabInfo","root":{"__id__":1},"asset":{"__uuid__":"e0MHh8XPNPxpEPHqqhk2Po"},"fileId":"3bHRmjzi5Hc6/E8gbFpkGw"},"_contentSize":{"__type__":"cc.Size","width":900,"height":1600},"_trs":{"__type__":"TypedArray","ctor":"Float32Array","array":[450,800,0,0,0,0,1,1,1,1]}},{"__type__":"cc.Node","_name":"New Node","_parent":{"__id__":1},"_children":[{"__id__":3},{"__id__":4},{"__id__":10},{"__id__":13},{"__id__":17}],"_prefab":{"__type__":"cc.PrefabInfo","root":{"__id__":1},"asset":{"__uuid__":"e0MHh8XPNPxpEPHqqhk2Po"},"fileId":"d9S8WSL9RGVL9WOBtZKpvs"},"_contentSize":{"__type__":"cc.Size","width":750},"_trs":{"__type__":"TypedArray","ctor":"Float32Array","array":[0,0,0,0,0,0,1,1.2000000476837158,1.5,1]}},{"__type__":"cc.Node","_name":"bg","_parent":{"__id__":2},"_components":[{"__type__":"cc.Sprite","node":{"__id__":3},"_materials":[{"__uuid__":"ecpdLyjvZBwrvm+cedCcQy"}],"_spriteFrame":{"__uuid__":"f9iUCSUYhBQJ83Ek/TIgCO"},"_sizeMode":0},{"__type__":"cc.Widget","node":{"__id__":3},"_alignFlags":40,"_originalWidth":18}],"_prefab":{"__type__":"cc.PrefabInfo","root":{"__id__":1},"asset":{"__uuid__":"e0MHh8XPNPxpEPHqqhk2Po"},"fileId":"306etE2K5At5ytCzIh7RnY"},"_contentSize":{"__type__":"cc.Size","width":750,"height":250},"_trs":{"__type__":"TypedArray","ctor":"Float32Array","array":[0,-52,0,0,0,0,1,1,1,1]}},{"__type__":"cc.Node","_name":"relifeBtn","_parent":{"__id__":2},"_children":[{"__id__":5}],"_components":[{"__id__":9}],"_prefab":{"__type__":"cc.PrefabInfo","root":{"__id__":1},"asset":{"__uuid__":"e0MHh8XPNPxpEPHqqhk2Po"},"fileId":"3e8Ntdg79LV57sTPMOJtyy"},"_contentSize":{"__type__":"cc.Size","width":200,"height":80},"_trs":{"__type__":"TypedArray","ctor":"Float32Array","array":[18,-7,0,0,0,0,1,1.5,1.5,1.5]}},{"__type__":"cc.Node","_name":"Background","_parent":{"__id__":4},"_children":[{"__id__":6},{"__id__":7}],"_components":[{"__type__":"cc.Sprite","node":{"__id__":5},"_materials":[{"__uuid__":"ecpdLyjvZBwrvm+cedCcQy"}],"_spriteFrame":{"__uuid__":"48wijxn+VLeIJj8Z08lcXJ"},"_sizeMode":0,"_isTrimmedMode":false}],"_prefab":{"__type__":"cc.PrefabInfo","root":{"__id__":1},"asset":{"__uuid__":"e0MHh8XPNPxpEPHqqhk2Po"},"fileId":"6cV7bXSxVNWb5yCnYupYSZ"},"_color":{"__type__":"cc.Color","r":230,"g":230,"b":230},"_contentSize":{"__type__":"cc.Size","width":200,"height":80},"_trs":{"__type__":"TypedArray","ctor":"Float32Array","array":[0,0,0,0,0,0,1,1,1,0]}},{"__type__":"cc.Node","_name":"guangao","_parent":{"__id__":5},"_components":[{"__type__":"cc.Sprite","node":{"__id__":6},"_materials":[{"__uuid__":"ecpdLyjvZBwrvm+cedCcQy"}],"_spriteFrame":{"__uuid__":"105mPVtPtKG5CCwU8zooJO"}}],"_prefab":{"__type__":"cc.PrefabInfo","root":{"__id__":1},"asset":{"__uuid__":"e0MHh8XPNPxpEPHqqhk2Po"},"fileId":"ddUakdjOpBor9dwhPurfRD"},"_contentSize":{"__type__":"cc.Size","width":43,"height":35},"_trs":{"__type__":"TypedArray","ctor":"Float32Array","array":[49,5,0,0,0,0,1,1,1,1]}},{"__type__":"cc.Node","_name":"relifeLabel","_parent":{"__id__":5},"_components":[{"__id__":8}],"_prefab":{"__type__":"cc.PrefabInfo","root":{"__id__":1},"asset":{"__uuid__":"e0MHh8XPNPxpEPHqqhk2Po"},"fileId":"36zsf4CXlPhbb+vV9CRn4x"},"_contentSize":{"__type__":"cc.Size","width":100,"height":23},"_trs":{"__type__":"TypedArray","ctor":"Float32Array","array":[-28.406999588012695,10.057000160217285,0,0,0,0,1,1,1,1]}},{"__type__":"cc.Label","node":{"__id__":7},"_materials":[{"__uuid__":"ecpdLyjvZBwrvm+cedCcQy"}],"_useOriginalSize":false,"_string":"复活一次","_N$string":"复活一次","_fontSize":23,"_lineHeight":50,"_N$file":{"__uuid__":"4dDuSJTt5KypeX903osunR"},"_isSystemFontUsed":false,"_N$horizontalAlign":1,"_N$verticalAlign":1,"_N$overflow":2},{"__type__":"cc.Button","node":{"__id__":4},"zoomScale":0.9,"clickEvents":[{"__type__":"cc.ClickEvent","target":{"__id__":1},"_componentId":"033a8I0SOVHCocoYbhDTQfc","handler":"onRelifeBtnClicked"}],"_N$transition":3,"transition":3,"_N$normalColor":{"__type__":"cc.Color","r":230,"g":230,"b":230},"_N$pressedColor":{"__type__":"cc.Color","r":200,"g":200,"b":200},"pressedColor":{"__type__":"cc.Color","r":200,"g":200,"b":200},"_N$disabledColor":{"__type__":"cc.Color","r":120,"g":120,"b":120,"a":200},"_N$normalSprite":{"__uuid__":"52D9fxkqtOG4eSl9Oq3j+j"},"_N$pressedSprite":{"__uuid__":"e97GVMl6JHh5Ml5qEDdSGa"},"pressedSprite":{"__uuid__":"e97GVMl6JHh5Ml5qEDdSGa"},"_N$hoverSprite":{"__uuid__":"f0BIwQ8D5Ml7nTNQbh1YlS"},"hoverSprite":{"__uuid__":"f0BIwQ8D5Ml7nTNQbh1YlS"},"_N$disabledSprite":{"__uuid__":"29FYIk+N1GYaeWH/q1NxQO"},"_N$target":{"__id__":5}},{"__type__":"cc.Node","_name":"upgradeBtn","_parent":{"__id__":2},"_children":[{"__id__":11}],"_components":[{"__type__":"cc.Button","node":{"__id__":10},"zoomScale":0.9,"clickEvents":[{"__type__":"cc.ClickEvent","target":{"__id__":1},"_componentId":"033a8I0SOVHCocoYbhDTQfc","handler":"onGradeBtnClicked"}],"_N$transition":3,"transition":3,"_N$normalColor":{"__type__":"cc.Color","r":230,"g":230,"b":230},"_N$pressedColor":{"__type__":"cc.Color","r":200,"g":200,"b":200},"pressedColor":{"__type__":"cc.Color","r":200,"g":200,"b":200},"_N$disabledColor":{"__type__":"cc.Color","r":120,"g":120,"b":120,"a":200},"_N$normalSprite":{"__uuid__":"52D9fxkqtOG4eSl9Oq3j+j"},"_N$pressedSprite":{"__uuid__":"e97GVMl6JHh5Ml5qEDdSGa"},"pressedSprite":{"__uuid__":"e97GVMl6JHh5Ml5qEDdSGa"},"_N$hoverSprite":{"__uuid__":"f0BIwQ8D5Ml7nTNQbh1YlS"},"hoverSprite":{"__uuid__":"f0BIwQ8D5Ml7nTNQbh1YlS"},"_N$disabledSprite":{"__uuid__":"29FYIk+N1GYaeWH/q1NxQO"}}],"_prefab":{"__type__":"cc.PrefabInfo","root":{"__id__":1},"asset":{"__uuid__":"e0MHh8XPNPxpEPHqqhk2Po"},"fileId":"a8fc3zEzRFSrWpkFmlBgL0"},"_contentSize":{"__type__":"cc.Size","width":200,"height":40},"_trs":{"__type__":"TypedArray","ctor":"Float32Array","array":[17,-112,0,0,0,0,1,1.5,1.5,0]}},{"__type__":"cc.Node","_name":"btn_label","_parent":{"__id__":10},"_components":[{"__id__":12}],"_prefab":{"__type__":"cc.PrefabInfo","root":{"__id__":1},"asset":{"__uuid__":"e0MHh8XPNPxpEPHqqhk2Po"},"fileId":"28KxEKP8JFIatSca+qVJZY"},"_contentSize":{"__type__":"cc.Size","width":93.38,"height":23},"_trs":{"__type__":"TypedArray","ctor":"Float32Array","array":[0,0,0,0,0,0,1,1,1,1]}},{"__type__":"cc.Label","node":{"__id__":11},"_materials":[{"__uuid__":"ecpdLyjvZBwrvm+cedCcQy"}],"_useOriginalSize":false,"_string":"升级忍者","_N$string":"升级忍者","_fontSize":23,"_lineHeight":50,"_N$file":{"__uuid__":"4dDuSJTt5KypeX903osunR"},"_isSystemFontUsed":false,"_N$horizontalAlign":1,"_N$verticalAlign":1},{"__type__":"cc.Node","_name":"closeBtn","_parent":{"__id__":2},"_children":[{"__id__":14}],"_components":[{"__id__":16}],"_prefab":{"__type__":"cc.PrefabInfo","root":{"__id__":1},"asset":{"__uuid__":"e0MHh8XPNPxpEPHqqhk2Po"},"fileId":"fbVROHK8pC4r9+d9jnPjzV"},"_contentSize":{"__type__":"cc.Size","width":200,"height":60},"_trs":{"__type__":"TypedArray","ctor":"Float32Array","array":[15,-237,0,0,0,0,1,1.5,1.5,0]}},{"__type__":"cc.Node","_name":"closeBtnLabel","_parent":{"__id__":13},"_components":[{"__id__":15}],"_prefab":{"__type__":"cc.PrefabInfo","root":{"__id__":1},"asset":{"__uuid__":"e0MHh8XPNPxpEPHqqhk2Po"},"fileId":"32qiNWgTFI5Kj7cZslq/eo"},"_color":{"__type__":"cc.Color","r":173,"g":177,"b":180},"_contentSize":{"__type__":"cc.Size","width":72.4,"height":20},"_trs":{"__type__":"TypedArray","ctor":"Float32Array","array":[0,5,0,0,0,0,1,1,1,1]}},{"__type__":"cc.Label","node":{"__id__":14},"_materials":[{"__uuid__":"ecpdLyjvZBwrvm+cedCcQy"}],"_useOriginalSize":false,"_string":"不 用 了","_N$string":"不 用 了","_fontSize":20,"_lineHeight":50,"_N$file":{"__uuid__":"4dDuSJTt5KypeX903osunR"},"_isSystemFontUsed":false,"_N$horizontalAlign":1,"_N$verticalAlign":1},{"__type__":"cc.Button","node":{"__id__":13},"zoomScale":0.9,"clickEvents":[{"__type__":"cc.ClickEvent","target":{"__id__":1},"_componentId":"033a8I0SOVHCocoYbhDTQfc","handler":"onCloseBtnClicked"}],"_N$transition":3,"transition":3,"_N$normalColor":{"__type__":"cc.Color","r":230,"g":230,"b":230},"_N$pressedColor":{"__type__":"cc.Color","r":200,"g":200,"b":200},"pressedColor":{"__type__":"cc.Color","r":200,"g":200,"b":200},"_N$disabledColor":{"__type__":"cc.Color","r":120,"g":120,"b":120,"a":200},"_N$normalSprite":{"__uuid__":"52D9fxkqtOG4eSl9Oq3j+j"},"_N$pressedSprite":{"__uuid__":"e97GVMl6JHh5Ml5qEDdSGa"},"pressedSprite":{"__uuid__":"e97GVMl6JHh5Ml5qEDdSGa"},"_N$hoverSprite":{"__uuid__":"f0BIwQ8D5Ml7nTNQbh1YlS"},"hoverSprite":{"__uuid__":"f0BIwQ8D5Ml7nTNQbh1YlS"},"_N$disabledSprite":{"__uuid__":"29FYIk+N1GYaeWH/q1NxQO"}},{"__type__":"cc.Node","_name":"progress","_parent":{"__id__":2},"_children":[{"__id__":18}],"_components":[{"__type__":"cc.Sprite","node":{"__id__":17},"_materials":[{"__uuid__":"ecpdLyjvZBwrvm+cedCcQy"}],"_spriteFrame":{"__uuid__":"e5R92GmyZAFJIe+cDWBUyT"},"_type":1,"_sizeMode":0},{"__id__":20},{"__type__":"cc.Widget","node":{"__id__":17},"_alignFlags":40,"_originalWidth":300}],"_prefab":{"__type__":"cc.PrefabInfo","root":{"__id__":1},"asset":{"__uuid__":"e0MHh8XPNPxpEPHqqhk2Po"},"fileId":"69bl+sZZhBbZnF1ltETCrR"},"_contentSize":{"__type__":"cc.Size","width":750,"height":15},"_trs":{"__type__":"TypedArray","ctor":"Float32Array","array":[0,-170,0,0,0,0,1,1,1,1]}},{"__type__":"cc.Node","_name":"bar","_parent":{"__id__":17},"_components":[{"__id__":19}],"_prefab":{"__type__":"cc.PrefabInfo","root":{"__id__":1},"asset":{"__uuid__":"e0MHh8XPNPxpEPHqqhk2Po"},"fileId":"62fmPCzLlNRLdzIwSBvRkD"},"_contentSize":{"__type__":"cc.Size","width":750,"height":15},"_anchorPoint":{"__type__":"cc.Vec2","y":0.5},"_trs":{"__type__":"TypedArray","ctor":"Float32Array","array":[-375,0,0,0,0,0,1,1,1,1]}},{"__type__":"cc.Sprite","node":{"__id__":18},"_materials":[{"__uuid__":"ecpdLyjvZBwrvm+cedCcQy"}],"_spriteFrame":{"__uuid__":"9ctk1UvY1J3r/SZOqy5YKv"},"_type":1,"_sizeMode":0},{"__type__":"cc.ProgressBar","node":{"__id__":17},"_N$totalLength":750,"_N$barSprite":{"__id__":19}}],{"__type__":"cc.SpriteFrame","content":{"name":"tiao_hei","texture":"73nSCjcMtMNpEBN0AAse95","rect":[0,0,18,18],"offset":[0,0],"originalSize":[18,18],"capInsets":[0,0,0,0]}},{"__type__":"cc.SpriteFrame","content":{"name":"zhezhao","texture":"0aCgAekftE7rZFjUoR0tK9","rect":[0,0,180,320],"offset":[0,0],"originalSize":[180,320],"capInsets":[0,0,0,0]}}]