[{"__type__":"cc.SpriteFrame","content":{"name":"jiantou","texture":"c9gf6hbvlGuon0ssmhdGnx","rect":[0,0,78,80],"offset":[0,0],"originalSize":[78,80],"capInsets":[0,0,0,0]}},[{"__type__":"cc.Prefab","_name":"arrow","data":{"__id__":1}},{"__type__":"cc.Node","_name":"arrow","_children":[{"__id__":2}],"_components":[{"__type__":"cc.Sprite","node":{"__id__":1},"_materials":[{"__uuid__":"ecpdLyjvZBwrvm+cedCcQy"}]},{"__type__":"d0b68/eiY9P4rHBFR17LWjg","node":{"__id__":1},"icon":{"__id__":3}}],"_prefab":{"__type__":"cc.PrefabInfo","root":{"__id__":1},"asset":{"__uuid__":"ceqKmz7mFITZhFcWjcrK1Y"},"fileId":"63ukrfYhRNkLbEP/5dOGCK"},"_anchorPoint":{"__type__":"cc.Vec2","x":0.5,"y":1},"_trs":{"__type__":"TypedArray","ctor":"Float32Array","array":[0,0,0,0,0,0,1,1,1,1]}},{"__type__":"cc.Node","_name":"New Sprite","_parent":{"__id__":1},"_components":[{"__id__":3}],"_prefab":{"__type__":"cc.PrefabInfo","root":{"__id__":1},"asset":{"__uuid__":"ceqKmz7mFITZhFcWjcrK1Y"},"fileId":"ffXEtefJlJbIBdpZqjvxMi"},"_contentSize":{"__type__":"cc.Size","width":78,"height":80},"_anchorPoint":{"__type__":"cc.Vec2","x":0.5,"y":1},"_trs":{"__type__":"TypedArray","ctor":"Float32Array","array":[0,0,0,0,0,-0.7071067690849304,0.7071067690849304,1,1,1]},"_eulerAngles":{"__type__":"cc.Vec3","z":-90}},{"__type__":"cc.Sprite","node":{"__id__":2},"_materials":[{"__uuid__":"ecpdLyjvZBwrvm+cedCcQy"}],"_spriteFrame":{"__uuid__":"462kMNtRRP26CskgAfVHxR"}}]]