[{"__type__":"cc.AnimationClip","_name":"bomb","_duration":0.2833333333333333,"speed":0.5,"curveData":{"props":{"scale":[{"frame":0,"value":{"__type__":"cc.Vec2"}},{"frame":0.25,"value":{"__type__":"cc.Vec2","x":1.100000023841858,"y":1.100000023841858}},{"frame":0.2833333333333333,"value":{"__type__":"cc.Vec2","x":1,"y":1}}]}}},{"__type__":"cc.AnimationClip","_name":"lightCircle","_duration":0.4166666666666667,"speed":0.1,"wrapMode":2,"curveData":{"props":{"angle":[{"frame":0,"value":0},{"frame":0.4166666666666667,"value":360}]}}}]