[{"__type__":"cc.SpriteFrame","content":{"name":"anniu_lv","texture":"12lU0XrStJPp/4k3bXl9zW","rect":[0,0,283,108],"offset":[0,0],"originalSize":[283,108],"capInsets":[0,0,0,0]}},[{"__type__":"cc.Prefab","_name":"unLockModeLayer","data":{"__id__":1}},{"__type__":"cc.Node","_name":"unLockModeLayer","_children":[{"__id__":2},{"__id__":3}],"_components":[{"__type__":"cc.Sprite","node":{"__id__":1},"_materials":[{"__uuid__":"ecpdLyjvZBwrvm+cedCcQy"}],"_type":1,"_sizeMode":0},{"__type__":"cc.Layout","node":{"__id__":1},"_layoutSize":{"__type__":"cc.Size","width":900,"height":1600}},{"__type__":"cc.Widget","node":{"__id__":1},"_alignFlags":45,"_originalWidth":200,"_originalHeight":150},{"__type__":"cc.BlockInputEvents","node":{"__id__":1}},{"__type__":"30a64+p58VFaorrhN9gUDXM","node":{"__id__":1},"noticeLabel":{"__id__":15},"closeBtn":{"__id__":12},"closeBtnLabel":{"__id__":11},"tryBtnLabel":{"__id__":8},"menuItem":{"__id__":16}}],"_prefab":{"__type__":"cc.PrefabInfo","root":{"__id__":1},"asset":{"__uuid__":"51qSt+Km9D3YtmD6dDUvwU"},"fileId":"3bHRmjzi5Hc6/E8gbFpkGw"},"_color":{"__type__":"cc.Color","r":65,"g":65,"b":65},"_contentSize":{"__type__":"cc.Size","width":900,"height":1600},"_trs":{"__type__":"TypedArray","ctor":"Float32Array","array":[450,800,0,0,0,0,1,1,1,1]}},{"__type__":"cc.Node","_name":"New Sprite(Splash)","_parent":{"__id__":1},"_components":[{"__type__":"cc.Sprite","node":{"__id__":2},"_materials":[{"__uuid__":"ecpdLyjvZBwrvm+cedCcQy"}],"_spriteFrame":{"__uuid__":"a2MjXRFdtLlYQ5ouAFv/+R"},"_sizeMode":0},{"__type__":"cc.Widget","node":{"__id__":2},"_alignFlags":45,"_originalWidth":100,"_originalHeight":100}],"_prefab":{"__type__":"cc.PrefabInfo","root":{"__id__":1},"asset":{"__uuid__":"51qSt+Km9D3YtmD6dDUvwU"},"fileId":"dbQjAcATlOZouDToKKCan4"},"_opacity":170,"_color":{"__type__":"cc.Color","r":8,"g":8,"b":8},"_contentSize":{"__type__":"cc.Size","width":900,"height":1600},"_trs":{"__type__":"TypedArray","ctor":"Float32Array","array":[0,0,0,0,0,0,1,1,1,1]}},{"__type__":"cc.Node","_name":"New Node","_parent":{"__id__":1},"_children":[{"__id__":4},{"__id__":5},{"__id__":6},{"__id__":9},{"__id__":13},{"__id__":16}],"_prefab":{"__type__":"cc.PrefabInfo","root":{"__id__":1},"asset":{"__uuid__":"51qSt+Km9D3YtmD6dDUvwU"},"fileId":"d9S8WSL9RGVL9WOBtZKpvs"},"_contentSize":{"__type__":"cc.Size","width":750,"height":1334},"_trs":{"__type__":"TypedArray","ctor":"Float32Array","array":[0,0,0,0,0,0,1,1.2000000476837158,1.2000000476837158,1]}},{"__type__":"cc.Node","_name":"star_bg","_parent":{"__id__":3},"_components":[{"__type__":"cc.Sprite","node":{"__id__":4},"_materials":[{"__uuid__":"ecpdLyjvZBwrvm+cedCcQy"}],"_spriteFrame":{"__uuid__":"fbv26LdPtG/rf+JN15L9xq"}},{"__type__":"cc.Animation","node":{"__id__":4},"_defaultClip":{"__uuid__":"96ufx++LpBL6jkctxLqAvk"},"_clips":[{"__uuid__":"96ufx++LpBL6jkctxLqAvk"}],"playOnLoad":true}],"_prefab":{"__type__":"cc.PrefabInfo","root":{"__id__":1},"asset":{"__uuid__":"51qSt+Km9D3YtmD6dDUvwU"},"fileId":"4cLN5fV6JF5ImY/nSkxcGF"},"_contentSize":{"__type__":"cc.Size","width":742,"height":495},"_trs":{"__type__":"TypedArray","ctor":"Float32Array","array":[0,220.20700073242188,0,0,0,0,1,0,0,1]}},{"__type__":"cc.Node","_name":"try_light","_parent":{"__id__":3},"_components":[{"__type__":"cc.Sprite","node":{"__id__":5},"_materials":[{"__uuid__":"ecpdLyjvZBwrvm+cedCcQy"}],"_spriteFrame":{"__uuid__":"73QjKJa5VMqKME++uWAg7l"}},{"__type__":"cc.Animation","node":{"__id__":5},"_defaultClip":{"__uuid__":"c3CxbO7opD5IKwn4ZFP69P"},"_clips":[{"__uuid__":"c3CxbO7opD5IKwn4ZFP69P"}],"playOnLoad":true}],"_prefab":{"__type__":"cc.PrefabInfo","root":{"__id__":1},"asset":{"__uuid__":"51qSt+Km9D3YtmD6dDUvwU"},"fileId":"d9NiwqPaZHB7OHIgkSlreZ"},"_contentSize":{"__type__":"cc.Size","width":353,"height":351},"_trs":{"__type__":"TypedArray","ctor":"Float32Array","array":[0,162,0,0,0,0,1,2,2,1]}},{"__type__":"cc.Node","_name":"useBtn","_parent":{"__id__":3},"_children":[{"__id__":7}],"_components":[{"__type__":"cc.Sprite","node":{"__id__":6},"_materials":[{"__uuid__":"ecpdLyjvZBwrvm+cedCcQy"}],"_spriteFrame":{"__uuid__":"48wijxn+VLeIJj8Z08lcXJ"}},{"__type__":"cc.Button","node":{"__id__":6},"zoomScale":0.9,"clickEvents":[{"__type__":"cc.ClickEvent","target":{"__id__":1},"_componentId":"30a64+p58VFaorrhN9gUDXM","handler":"onTryBtnClicked"}],"_N$transition":3,"transition":3}],"_prefab":{"__type__":"cc.PrefabInfo","root":{"__id__":1},"asset":{"__uuid__":"51qSt+Km9D3YtmD6dDUvwU"},"fileId":"ceHQdkTI9BjYs829zUU2kr"},"_contentSize":{"__type__":"cc.Size","width":283,"height":108},"_trs":{"__type__":"TypedArray","ctor":"Float32Array","array":[0,-314.02301025390625,0,0,0,0,1,1,1,0]}},{"__type__":"cc.Node","_name":"useBtnLabel","_parent":{"__id__":6},"_components":[{"__id__":8}],"_prefab":{"__type__":"cc.PrefabInfo","root":{"__id__":1},"asset":{"__uuid__":"51qSt+Km9D3YtmD6dDUvwU"},"fileId":"f4y4BLCQpK5rYxxzVLZBdJ"},"_contentSize":{"__type__":"cc.Size","width":142.1,"height":35},"_trs":{"__type__":"TypedArray","ctor":"Float32Array","array":[0,15.23900032043457,0,0,0,0,1,1,1,1]}},{"__type__":"cc.Label","node":{"__id__":7},"_materials":[{"__uuid__":"ecpdLyjvZBwrvm+cedCcQy"}],"_useOriginalSize":false,"_string":"马上试玩","_N$string":"马上试玩","_fontSize":35,"_lineHeight":50,"_N$file":{"__uuid__":"4dDuSJTt5KypeX903osunR"},"_isSystemFontUsed":false,"_N$horizontalAlign":1,"_N$verticalAlign":1,"_N$overflow":2},{"__type__":"cc.Node","_name":"closeBtn","_parent":{"__id__":3},"_children":[{"__id__":10}],"_components":[{"__type__":"cc.Sprite","node":{"__id__":9},"_materials":[{"__uuid__":"ecpdLyjvZBwrvm+cedCcQy"}]},{"__id__":12}],"_prefab":{"__type__":"cc.PrefabInfo","root":{"__id__":1},"asset":{"__uuid__":"51qSt+Km9D3YtmD6dDUvwU"},"fileId":"adsRIfT1ZBLZ0C/91BTS0Z"},"_contentSize":{"__type__":"cc.Size","width":121,"height":40},"_trs":{"__type__":"TypedArray","ctor":"Float32Array","array":[0,-419.5769958496094,0,0,0,0,1,1,1,0]}},{"__type__":"cc.Node","_name":"closeBtnLabel","_parent":{"__id__":9},"_components":[{"__id__":11}],"_prefab":{"__type__":"cc.PrefabInfo","root":{"__id__":1},"asset":{"__uuid__":"51qSt+Km9D3YtmD6dDUvwU"},"fileId":"4cAbA3SCVMfLvtqu7uQHp5"},"_color":{"__type__":"cc.Color","r":173,"g":177,"b":180},"_contentSize":{"__type__":"cc.Size","width":126.7,"height":35},"_trs":{"__type__":"TypedArray","ctor":"Float32Array","array":[-1,4,0,0,0,0,1,1,1,1]}},{"__type__":"cc.Label","node":{"__id__":10},"_materials":[{"__uuid__":"ecpdLyjvZBwrvm+cedCcQy"}],"_useOriginalSize":false,"_string":"不 用 了","_N$string":"不 用 了","_fontSize":35,"_lineHeight":50,"_N$file":{"__uuid__":"4dDuSJTt5KypeX903osunR"},"_isSystemFontUsed":false,"_N$horizontalAlign":1,"_N$verticalAlign":1},{"__type__":"cc.Button","node":{"__id__":9},"zoomScale":0.9,"clickEvents":[{"__type__":"cc.ClickEvent","target":{"__id__":1},"_componentId":"30a64+p58VFaorrhN9gUDXM","handler":"oncloseBtnClicked"}],"_N$transition":3,"transition":3},{"__type__":"cc.Node","_name":"baisekuang","_parent":{"__id__":3},"_children":[{"__id__":14}],"_components":[{"__type__":"cc.Sprite","node":{"__id__":13},"_materials":[{"__uuid__":"ecpdLyjvZBwrvm+cedCcQy"}],"_spriteFrame":{"__uuid__":"b7L1iJm6xHrqLQ0Gc0nd1l"},"_type":1,"_sizeMode":0}],"_prefab":{"__type__":"cc.PrefabInfo","root":{"__id__":1},"asset":{"__uuid__":"51qSt+Km9D3YtmD6dDUvwU"},"fileId":"da7ue3P6BB+5TH4k1RgKm0"},"_contentSize":{"__type__":"cc.Size","width":700,"height":220},"_trs":{"__type__":"TypedArray","ctor":"Float32Array","array":[0,-91.36399841308594,0,0,0,0,1,1,1,1]}},{"__type__":"cc.Node","_name":"New Label","_parent":{"__id__":13},"_components":[{"__id__":15}],"_prefab":{"__type__":"cc.PrefabInfo","root":{"__id__":1},"asset":{"__uuid__":"51qSt+Km9D3YtmD6dDUvwU"},"fileId":"6eHpeIiyZMoZ/EjybGM5lC"},"_contentSize":{"__type__":"cc.Size","width":600,"height":150},"_trs":{"__type__":"TypedArray","ctor":"Float32Array","array":[0,4,0,0,0,0,1,1,1,1]}},{"__type__":"cc.Label","node":{"__id__":14},"_materials":[{"__uuid__":"ecpdLyjvZBwrvm+cedCcQy"}],"_useOriginalSize":false,"_string":"天啦，你居然解锁了经典模式！要马上试玩吗？","_N$string":"天啦，你居然解锁了经典模式！要马上试玩吗？","_fontSize":35,"_lineHeight":60,"_N$file":{"__uuid__":"4dDuSJTt5KypeX903osunR"},"_isSystemFontUsed":false,"_N$horizontalAlign":1,"_N$verticalAlign":1,"_N$overflow":2},{"__type__":"cc.Node","_name":"menuItem","_parent":{"__id__":3},"_children":[{"__id__":17},{"__id__":19},{"__id__":21},{"__id__":23},{"__id__":25},{"__id__":27},{"__id__":29},{"__id__":31},{"__id__":33},{"__id__":35}],"_components":[{"__type__":"cc.Sprite","node":{"__id__":16},"_materials":[{"__uuid__":"ecpdLyjvZBwrvm+cedCcQy"}]},{"__type__":"cc.Button","node":{"__id__":16},"zoomScale":0.9,"clickEvents":[{"__type__":"cc.ClickEvent","target":{"__id__":16},"_componentId":"fb100DuhKBBF4SB+ObpH5Af","handler":"onClicked"}],"_N$interactable":false,"_N$transition":3,"transition":3},{"__type__":"fb100DuhKBBF4SB+ObpH5Af","node":{"__id__":16},"bg":{"__id__":18},"modeTitle":{"__id__":20},"modeLevel":{"__id__":22},"notice":{"__id__":24},"difficult":{"__id__":26},"stars":[{"__id__":28},{"__id__":30},{"__id__":32},{"__id__":34},{"__id__":36}]}],"_prefab":{"__type__":"cc.PrefabInfo","root":{"__id__":1},"asset":{"__uuid__":"51qSt+Km9D3YtmD6dDUvwU"},"fileId":"f9wUlw49pJ6rTB89dxRNdK"},"_contentSize":{"__type__":"cc.Size","width":494,"height":188},"_trs":{"__type__":"TypedArray","ctor":"Float32Array","array":[0,190.24899291992188,0,0,0,0,1,1,1,0]}},{"__type__":"cc.Node","_name":"menuBg","_parent":{"__id__":16},"_components":[{"__id__":18}],"_prefab":{"__type__":"cc.PrefabInfo","root":{"__id__":1},"asset":{"__uuid__":"51qSt+Km9D3YtmD6dDUvwU"},"fileId":"7eI53UTbZM25iAegA0x/XL"},"_contentSize":{"__type__":"cc.Size","width":494,"height":188},"_trs":{"__type__":"TypedArray","ctor":"Float32Array","array":[0,0,0,0,0,0,1,1,1,1]}},{"__type__":"cc.Sprite","node":{"__id__":17},"_materials":[{"__uuid__":"ecpdLyjvZBwrvm+cedCcQy"}],"_spriteFrame":{"__uuid__":"53zHbkhMBLLLVyFlhRmHbr"}},{"__type__":"cc.Node","_name":"menuTitle","_parent":{"__id__":16},"_components":[{"__id__":20}],"_prefab":{"__type__":"cc.PrefabInfo","root":{"__id__":1},"asset":{"__uuid__":"51qSt+Km9D3YtmD6dDUvwU"},"fileId":"ebBOZ7w+pOkpg/SmnzPJDl"},"_contentSize":{"__type__":"cc.Size","width":162.4,"height":40},"_trs":{"__type__":"TypedArray","ctor":"Float32Array","array":[-134.1739959716797,94.34200286865234,0,0,0,0,1,1,1,1]}},{"__type__":"cc.Label","node":{"__id__":19},"_materials":[{"__uuid__":"ecpdLyjvZBwrvm+cedCcQy"}],"_useOriginalSize":false,"_string":"经典模式","_N$string":"经典模式","_lineHeight":50,"_N$file":{"__uuid__":"4dDuSJTt5KypeX903osunR"},"_isSystemFontUsed":false,"_N$horizontalAlign":1,"_N$verticalAlign":1},{"__type__":"cc.Node","_name":"menuLevel","_parent":{"__id__":16},"_components":[{"__id__":22},{"__type__":"cc.LabelOutline","node":{"__id__":21},"_width":0.5}],"_prefab":{"__type__":"cc.PrefabInfo","root":{"__id__":1},"asset":{"__uuid__":"51qSt+Km9D3YtmD6dDUvwU"},"fileId":"76X164v9tGNIABuO3EVO0s"},"_contentSize":{"__type__":"cc.Size","width":90.47,"height":51.4},"_trs":{"__type__":"TypedArray","ctor":"Float32Array","array":[6,33,0,0,0,0,1,1,1,1]}},{"__type__":"cc.Label","node":{"__id__":21},"_materials":[{"__uuid__":"ecpdLyjvZBwrvm+cedCcQy"}],"_useOriginalSize":false,"_string":"第1关","_N$string":"第1关","_fontSize":35,"_N$horizontalAlign":1,"_N$verticalAlign":1},{"__type__":"cc.Node","_name":"notice","_parent":{"__id__":16},"_active":false,"_components":[{"__id__":24}],"_prefab":{"__type__":"cc.PrefabInfo","root":{"__id__":1},"asset":{"__uuid__":"51qSt+Km9D3YtmD6dDUvwU"},"fileId":"5eFiUsueROirWolrFfr9Gw"},"_contentSize":{"__type__":"cc.Size","width":202.81,"height":50.4},"_trs":{"__type__":"TypedArray","ctor":"Float32Array","array":[4.617000102996826,31.031999588012695,0,0,0,0,1,1,1,1]}},{"__type__":"cc.Label","node":{"__id__":23},"_materials":[{"__uuid__":"ecpdLyjvZBwrvm+cedCcQy"}],"_useOriginalSize":false,"_string":"经典模式30关解锁","_N$string":"经典模式30关解锁","_fontSize":25,"_N$horizontalAlign":1,"_N$verticalAlign":1},{"__type__":"cc.Node","_name":"diffLabel","_parent":{"__id__":16},"_components":[{"__id__":26},{"__type__":"cc.LabelOutline","node":{"__id__":25},"_color":{"__type__":"cc.Color","r":12,"g":12,"b":12},"_width":0.3}],"_prefab":{"__type__":"cc.PrefabInfo","root":{"__id__":1},"asset":{"__uuid__":"51qSt+Km9D3YtmD6dDUvwU"},"fileId":"9dn+ujM9tPx7jBpCbAfsPa"},"_color":{"__type__":"cc.Color","r":3,"g":3,"b":3},"_contentSize":{"__type__":"cc.Size","width":75.6,"height":51},"_anchorPoint":{"__type__":"cc.Vec2","x":1,"y":0.5},"_trs":{"__type__":"TypedArray","ctor":"Float32Array","array":[-43,-24.638999938964844,0,0,0,0,1,1,1,1]}},{"__type__":"cc.Label","node":{"__id__":25},"_materials":[{"__uuid__":"ecpdLyjvZBwrvm+cedCcQy"}],"_useOriginalSize":false,"_string":"难度：","_N$string":"难度：","_fontSize":25,"_N$horizontalAlign":1,"_N$verticalAlign":1,"_N$overflow":2},{"__type__":"cc.Node","_name":"star1","_parent":{"__id__":16},"_components":[{"__id__":28}],"_prefab":{"__type__":"cc.PrefabInfo","root":{"__id__":1},"asset":{"__uuid__":"51qSt+Km9D3YtmD6dDUvwU"},"fileId":"6bk+iuvcJLeoMPQf3x+jE3"},"_contentSize":{"__type__":"cc.Size","width":66,"height":63},"_trs":{"__type__":"TypedArray","ctor":"Float32Array","array":[-24.426000595092773,-24.638999938964844,0,0,0,0,1,0.5,0.5,1]}},{"__type__":"cc.Sprite","node":{"__id__":27},"_materials":[{"__uuid__":"ecpdLyjvZBwrvm+cedCcQy"}],"_spriteFrame":{"__uuid__":"34mfU+TfhOs6vP5ZTcyRPE"}},{"__type__":"cc.Node","_name":"star2","_parent":{"__id__":16},"_components":[{"__id__":30}],"_prefab":{"__type__":"cc.PrefabInfo","root":{"__id__":1},"asset":{"__uuid__":"51qSt+Km9D3YtmD6dDUvwU"},"fileId":"24Xwwuq/JLMoVIA31TBLU9"},"_contentSize":{"__type__":"cc.Size","width":66,"height":63},"_trs":{"__type__":"TypedArray","ctor":"Float32Array","array":[8.573999404907227,-24.638999938964844,0,0,0,0,1,0.5,0.5,1]}},{"__type__":"cc.Sprite","node":{"__id__":29},"_materials":[{"__uuid__":"ecpdLyjvZBwrvm+cedCcQy"}],"_spriteFrame":{"__uuid__":"34mfU+TfhOs6vP5ZTcyRPE"}},{"__type__":"cc.Node","_name":"star3","_parent":{"__id__":16},"_components":[{"__id__":32}],"_prefab":{"__type__":"cc.PrefabInfo","root":{"__id__":1},"asset":{"__uuid__":"51qSt+Km9D3YtmD6dDUvwU"},"fileId":"0foXf2p8ZLk52PQJfNR4sl"},"_contentSize":{"__type__":"cc.Size","width":66,"height":63},"_trs":{"__type__":"TypedArray","ctor":"Float32Array","array":[42.573997497558594,-24.638999938964844,0,0,0,0,1,0.5,0.5,1]}},{"__type__":"cc.Sprite","node":{"__id__":31},"_materials":[{"__uuid__":"ecpdLyjvZBwrvm+cedCcQy"}],"_spriteFrame":{"__uuid__":"34mfU+TfhOs6vP5ZTcyRPE"}},{"__type__":"cc.Node","_name":"star4","_parent":{"__id__":16},"_components":[{"__id__":34}],"_prefab":{"__type__":"cc.PrefabInfo","root":{"__id__":1},"asset":{"__uuid__":"51qSt+Km9D3YtmD6dDUvwU"},"fileId":"2cQaWH3RlBQpI3RtKrKakg"},"_contentSize":{"__type__":"cc.Size","width":66,"height":63},"_trs":{"__type__":"TypedArray","ctor":"Float32Array","array":[76.5739974975586,-24.638999938964844,0,0,0,0,1,0.5,0.5,1]}},{"__type__":"cc.Sprite","node":{"__id__":33},"_materials":[{"__uuid__":"ecpdLyjvZBwrvm+cedCcQy"}],"_spriteFrame":{"__uuid__":"34mfU+TfhOs6vP5ZTcyRPE"}},{"__type__":"cc.Node","_name":"star5","_parent":{"__id__":16},"_components":[{"__id__":36}],"_prefab":{"__type__":"cc.PrefabInfo","root":{"__id__":1},"asset":{"__uuid__":"51qSt+Km9D3YtmD6dDUvwU"},"fileId":"a1xWTYYQ1Fto812fuuSq/n"},"_contentSize":{"__type__":"cc.Size","width":66,"height":63},"_trs":{"__type__":"TypedArray","ctor":"Float32Array","array":[110.5739974975586,-24.638999938964844,0,0,0,0,1,0.5,0.5,1]}},{"__type__":"cc.Sprite","node":{"__id__":35},"_materials":[{"__uuid__":"ecpdLyjvZBwrvm+cedCcQy"}],"_spriteFrame":{"__uuid__":"34mfU+TfhOs6vP5ZTcyRPE"}}],{"__type__":"cc.SpriteFrame","content":{"name":"try_light","texture":"99O+NsH0tDe7AbY3xvB2pe","rect":[0,0,353,351],"offset":[0,0],"originalSize":[353,351],"capInsets":[0,0,0,0]}},{"__type__":"cc.SpriteFrame","content":{"name":"star_bg","texture":"ad3nKBYU9Ot45OytmPkrwF","rect":[0,0,742,495],"offset":[0,0],"originalSize":[742,495],"capInsets":[0,0,0,0]}}]