[[{"__type__":"cc.Prefab","_name":"findNode","data":{"__id__":1}},{"__type__":"cc.Node","_name":"findNode","_children":[{"__id__":2},{"__id__":3},{"__id__":4}],"_components":[{"__type__":"cc.Animation","node":{"__id__":1},"_defaultClip":{"__uuid__":"07LhAKNvxJU7goL6h4p29W"},"_clips":[{"__uuid__":"07LhAKNvxJU7goL6h4p29W"}]}],"_prefab":{"__type__":"cc.PrefabInfo","root":{"__id__":1},"asset":{"__uuid__":"b6glErsP5Af5sdj6A32OQS"},"fileId":"a7hF5XD3ZGLqZ5XuMEepxZ"},"_trs":{"__type__":"TypedArray","ctor":"Float32Array","array":[0,0,0,0,0,0,1,1,1,1]}},{"__type__":"cc.Node","_name":"mark1","_parent":{"__id__":1},"_components":[{"__type__":"cc.Sprite","node":{"__id__":2},"_materials":[{"__uuid__":"ecpdLyjvZBwrvm+cedCcQy"}],"_spriteFrame":{"__uuid__":"d0V7uPgTlIZ4jdAhP5yCmi"}}],"_prefab":{"__type__":"cc.PrefabInfo","root":{"__id__":1},"asset":{"__uuid__":"b6glErsP5Af5sdj6A32OQS"},"fileId":"15w/WSgrRM/oA6SR86T3Kb"},"_opacity":0,"_contentSize":{"__type__":"cc.Size","width":20,"height":75},"_trs":{"__type__":"TypedArray","ctor":"Float32Array","array":[-47,167,0,0,0,0,1,2,2,1]}},{"__type__":"cc.Node","_name":"mark2","_parent":{"__id__":1},"_components":[{"__type__":"cc.Sprite","node":{"__id__":3},"_materials":[{"__uuid__":"ecpdLyjvZBwrvm+cedCcQy"}],"_spriteFrame":{"__uuid__":"d0V7uPgTlIZ4jdAhP5yCmi"}}],"_prefab":{"__type__":"cc.PrefabInfo","root":{"__id__":1},"asset":{"__uuid__":"b6glErsP5Af5sdj6A32OQS"},"fileId":"e0yq5RwrlEjZI4eUOcvQ79"},"_opacity":0,"_contentSize":{"__type__":"cc.Size","width":20,"height":75},"_trs":{"__type__":"TypedArray","ctor":"Float32Array","array":[-89,167,0,0,0,0,1,2,2,1]}},{"__type__":"cc.Node","_name":"mark3","_parent":{"__id__":1},"_components":[{"__type__":"cc.Sprite","node":{"__id__":4},"_materials":[{"__uuid__":"ecpdLyjvZBwrvm+cedCcQy"}],"_spriteFrame":{"__uuid__":"d0V7uPgTlIZ4jdAhP5yCmi"}}],"_prefab":{"__type__":"cc.PrefabInfo","root":{"__id__":1},"asset":{"__uuid__":"b6glErsP5Af5sdj6A32OQS"},"fileId":"5dao0Hz35GYKGv6H/w2Lzu"},"_opacity":0,"_contentSize":{"__type__":"cc.Size","width":20,"height":75},"_trs":{"__type__":"TypedArray","ctor":"Float32Array","array":[-7,168,0,0,0,0,1,2,2,1]}}],{"__type__":"cc.SpriteFrame","content":{"name":"emoteExclamationMark","texture":"8dwLz141dF769rBtRiL7X1","rect":[34,23,20,75],"offset":[0.5,-1],"originalSize":[87,119],"capInsets":[0,0,0,0]}}]