[{"__type__":"cc.Prefab","_name":"tipsNode","data":{"__id__":1}},{"__type__":"cc.Node","_name":"tipsNode","_children":[{"__id__":2},{"__id__":3}],"_components":[{"__type__":"2bc4bLVG4lN1oZ5XKRl6RFS","node":{"__id__":1},"bg":{"__id__":2},"text":{"__id__":4}}],"_prefab":{"__type__":"cc.PrefabInfo","root":{"__id__":1},"asset":{"__uuid__":"474gIV0NlFybk4irXSgMMl"},"fileId":"3egDWn5Y5P26Vf89ovoMg2"},"_contentSize":{"__type__":"cc.Size","width":100,"height":100},"_trs":{"__type__":"TypedArray","ctor":"Float32Array","array":[450,800,0,0,0,0,1,1,1,1]}},{"__type__":"cc.Node","_name":"bg","_parent":{"__id__":1},"_components":[{"__type__":"cc.Sprite","node":{"__id__":2},"_materials":[{"__uuid__":"ecpdLyjvZBwrvm+cedCcQy"}],"_spriteFrame":{"__uuid__":"a2MjXRFdtLlYQ5ouAFv/+R"},"_sizeMode":0}],"_prefab":{"__type__":"cc.PrefabInfo","root":{"__id__":1},"asset":{"__uuid__":"474gIV0NlFybk4irXSgMMl"},"fileId":"a8IkbhDzJOr7mwfabD1Cnr"},"_opacity":160,"_color":{"__type__":"cc.Color","r":10,"g":10,"b":10},"_contentSize":{"__type__":"cc.Size","width":800,"height":60},"_trs":{"__type__":"TypedArray","ctor":"Float32Array","array":[0,0,0,0,0,0,1,1,1,1]}},{"__type__":"cc.Node","_name":"text","_parent":{"__id__":1},"_components":[{"__id__":4}],"_prefab":{"__type__":"cc.PrefabInfo","root":{"__id__":1},"asset":{"__uuid__":"474gIV0NlFybk4irXSgMMl"},"fileId":"142a5fPpdK16UM7MhlzXOW"},"_contentSize":{"__type__":"cc.Size","width":700,"height":50.4},"_trs":{"__type__":"TypedArray","ctor":"Float32Array","array":[0,0,0,0,0,0,1,1,1,1]}},{"__type__":"cc.Label","node":{"__id__":3},"_materials":[{"__uuid__":"ecpdLyjvZBwrvm+cedCcQy"}],"_useOriginalSize":false,"_N$horizontalAlign":1,"_N$verticalAlign":1,"_N$overflow":2}]