[[{"__type__":"cc.Prefab","_name":"assassin","data":{"__id__":1}},{"__type__":"cc.Node","_name":"assassin","_children":[{"__id__":2},{"__id__":3},{"__id__":4}],"_components":[{"__type__":"cc.Animation","node":{"__id__":1},"_clips":[{"__uuid__":"80KvHLGBtLT4VH9dzS0I7B"}]},{"__type__":"2249cPpvxVAV7tfQmQDzHVa","node":{"__id__":1},"atk":50,"moveSpd":600,"addSpd":600,"status":2,"hp":100,"collision":[3],"body":{"__id__":4},"leftLeg":{"__id__":2},"rightLeg":{"__id__":3}}],"_prefab":{"__type__":"cc.PrefabInfo","root":{"__id__":1},"asset":{"__uuid__":"57smXooY1AgaapWvwaOD/j"},"fileId":"63ukrfYhRNkLbEP/5dOGCK"},"_contentSize":{"__type__":"cc.Size","width":220,"height":170},"_trs":{"__type__":"TypedArray","ctor":"Float32Array","array":[0,0,0,0,0,0,1,0.550000011920929,0.550000011920929,1]}},{"__type__":"cc.Node","_name":"leg_left","_parent":{"__id__":1},"_components":[{"__type__":"cc.Sprite","node":{"__id__":2},"_materials":[{"__uuid__":"ecpdLyjvZBwrvm+cedCcQy"}],"_spriteFrame":{"__uuid__":"0cU9TDOuBN7I/S/86K1jz5"}}],"_prefab":{"__type__":"cc.PrefabInfo","root":{"__id__":1},"asset":{"__uuid__":"57smXooY1AgaapWvwaOD/j"},"fileId":"46yWYL29NNq5QgX7mOGEx4"},"_contentSize":{"__type__":"cc.Size","width":108,"height":44},"_anchorPoint":{"__type__":"cc.Vec2","y":0.5},"_trs":{"__type__":"TypedArray","ctor":"Float32Array","array":[-4.400000095367432,4.599999904632568,0,0,0,0,1,0,1,1]}},{"__type__":"cc.Node","_name":"leg_right","_parent":{"__id__":1},"_components":[{"__type__":"cc.Sprite","node":{"__id__":3},"_materials":[{"__uuid__":"ecpdLyjvZBwrvm+cedCcQy"}],"_spriteFrame":{"__uuid__":"0cU9TDOuBN7I/S/86K1jz5"}}],"_prefab":{"__type__":"cc.PrefabInfo","root":{"__id__":1},"asset":{"__uuid__":"57smXooY1AgaapWvwaOD/j"},"fileId":"08PkywGi5JQbzBrbXmgLvR"},"_contentSize":{"__type__":"cc.Size","width":108,"height":44},"_anchorPoint":{"__type__":"cc.Vec2","y":0.5},"_trs":{"__type__":"TypedArray","ctor":"Float32Array","array":[-63.5,-33.099998474121094,0,0,0,0,1,0,1,1]}},{"__type__":"cc.Node","_name":"body","_parent":{"__id__":1},"_components":[{"__type__":"cc.Sprite","node":{"__id__":4},"_materials":[{"__uuid__":"ecpdLyjvZBwrvm+cedCcQy"}],"_spriteFrame":{"__uuid__":"cdSuHttFlAxolBkG027MyR"}}],"_prefab":{"__type__":"cc.PrefabInfo","root":{"__id__":1},"asset":{"__uuid__":"57smXooY1AgaapWvwaOD/j"},"fileId":"d9WpKWJCxIaZOeF3S5D8y/"},"_contentSize":{"__type__":"cc.Size","width":230,"height":172},"_trs":{"__type__":"TypedArray","ctor":"Float32Array","array":[0,0,0,0,0,0,1,1,1,1]}}],{"__type__":"cc.AnimationClip","_name":"assassin","_duration":0.6666666666666666,"wrapMode":2,"curveData":{"paths":{"leg_left":{"props":{"x":[{"frame":0,"value":-15.2},{"frame":0.16666666666666666,"value":-19.3},{"frame":0.3333333333333333,"value":-19.9},{"frame":0.5,"value":-74.3},{"frame":0.6666666666666666,"value":-15.2}],"scaleX":[{"frame":0,"value":0},{"frame":0.16666666666666666,"value":1},{"frame":0.3333333333333333,"value":0},{"frame":0.5,"value":-1},{"frame":0.6666666666666666,"value":0}]}},"leg_right":{"props":{"x":[{"frame":0,"value":-62.597999572753906},{"frame":0.16666666666666666,"value":-59},{"frame":0.3333333333333333,"value":-63.87099838256836},{"frame":0.5,"value":0},{"frame":0.6666666666666666,"value":-64.71900177001953}],"scale":[{"frame":0,"value":{"__type__":"cc.Vec2","y":1}},{"frame":0.16666666666666666,"value":{"__type__":"cc.Vec2","x":-1,"y":1}},{"frame":0.3333333333333333,"value":{"__type__":"cc.Vec2","y":1}},{"frame":0.5,"value":{"__type__":"cc.Vec2","x":1,"y":1}},{"frame":0.6666666666666666,"value":{"__type__":"cc.Vec2","y":1}}]}}}}}]