[{"__type__":"cc.SpriteFrame","content":{"name":"huangsetiao","texture":"8aN5lRb0NFp4LYWZOmpdRx","rect":[0,0,5,11],"offset":[0,0],"originalSize":[5,11],"capInsets":[0,0,0,0]}},[{"__type__":"cc.Prefab","_name":"PropComponent","data":{"__id__":1}},{"__type__":"cc.Node","_name":"PropComponent","_children":[{"__id__":2},{"__id__":4}],"_components":[{"__type__":"8e16ew69hRF/6ameAXSVn81","node":{"__id__":1},"icon":{"__id__":3},"bar":{"__id__":6},"progressBar":{"__id__":7},"iconRes":[{"__uuid__":"50krkLGCJHtYifPWWlSdJK"},{"__uuid__":"e8ep3zqh5FTJKOW0JMpnWQ"}],"barRes":[{"__uuid__":"4aOJJVIwhOzaAStmD+l0V7"},{"__uuid__":"082M4RuXxCCKcWtyoSASZh"}]}],"_prefab":{"__type__":"cc.PrefabInfo","root":{"__id__":1},"asset":{"__uuid__":"2crD1aIVVKM75Kl9FJrptM"},"fileId":"63ukrfYhRNkLbEP/5dOGCK"},"_contentSize":{"__type__":"cc.Size","width":100,"height":100},"_trs":{"__type__":"TypedArray","ctor":"Float32Array","array":[0,0,0,0,0,0,1,1,1,1]}},{"__type__":"cc.Node","_name":"icon","_parent":{"__id__":1},"_components":[{"__id__":3}],"_prefab":{"__type__":"cc.PrefabInfo","root":{"__id__":1},"asset":{"__uuid__":"2crD1aIVVKM75Kl9FJrptM"},"fileId":"6cGk/01wdD1onguSr/Ni3A"},"_contentSize":{"__type__":"cc.Size","width":53,"height":62},"_trs":{"__type__":"TypedArray","ctor":"Float32Array","array":[0,0,0,0,0,0,1,1.2000000476837158,1.2000000476837158,1]}},{"__type__":"cc.Sprite","node":{"__id__":2},"_materials":[{"__uuid__":"ecpdLyjvZBwrvm+cedCcQy"}],"_spriteFrame":{"__uuid__":"b0O+aaK+VDR5PMxmeNshri"}},{"__type__":"cc.Node","_name":"progress","_parent":{"__id__":1},"_children":[{"__id__":5}],"_components":[{"__type__":"cc.Sprite","node":{"__id__":4},"_materials":[{"__uuid__":"ecpdLyjvZBwrvm+cedCcQy"}],"_spriteFrame":{"__uuid__":"caCz04/UZM0aAtLgV3iSha"},"_type":1,"_sizeMode":0},{"__id__":7}],"_prefab":{"__type__":"cc.PrefabInfo","root":{"__id__":1},"asset":{"__uuid__":"2crD1aIVVKM75Kl9FJrptM"},"fileId":"35EJyMfN5J5LFEd+VhglNP"},"_contentSize":{"__type__":"cc.Size","width":60,"height":10},"_trs":{"__type__":"TypedArray","ctor":"Float32Array","array":[51.479000091552734,4.801000118255615,0,0,0,0.7071067690849304,0.7071067690849304,1.2000000476837158,1.2000000476837158,1]},"_eulerAngles":{"__type__":"cc.Vec3","z":90}},{"__type__":"cc.Node","_name":"bar","_parent":{"__id__":4},"_components":[{"__id__":6}],"_prefab":{"__type__":"cc.PrefabInfo","root":{"__id__":1},"asset":{"__uuid__":"2crD1aIVVKM75Kl9FJrptM"},"fileId":"5dizHzVF5MzLEZZ6mkx3qc"},"_contentSize":{"__type__":"cc.Size","width":30,"height":10},"_anchorPoint":{"__type__":"cc.Vec2","y":0.5},"_trs":{"__type__":"TypedArray","ctor":"Float32Array","array":[-30,0,0,0,0,0,1,1,1,1]}},{"__type__":"cc.Sprite","node":{"__id__":5},"_materials":[{"__uuid__":"ecpdLyjvZBwrvm+cedCcQy"}],"_spriteFrame":{"__uuid__":"4aOJJVIwhOzaAStmD+l0V7"},"_type":1,"_sizeMode":0},{"__type__":"cc.ProgressBar","node":{"__id__":4},"_N$totalLength":60,"_N$barSprite":{"__id__":6},"_N$progress":0.5}],{"__type__":"cc.SpriteFrame","content":{"name":"lansetiao","texture":"646w3bEkRE/abA8dC6mCoN","rect":[0,0,5,11],"offset":[0,0],"originalSize":[5,11],"capInsets":[0,0,0,0]}},{"__type__":"cc.SpriteFrame","content":{"name":"dingshi","texture":"16RC2KqvxBGrU/DMqE4YMz","rect":[0,0,87,99],"offset":[-0.5,0.5],"originalSize":[88,100],"capInsets":[0,0,0,0]}},{"__type__":"cc.SpriteFrame","content":{"name":"item_dingshi","texture":"b5VOHyEiNF3IuKiIaS8VIw","rect":[0,0,53,62],"offset":[0,0],"originalSize":[53,62],"capInsets":[0,0,0,0]}},{"__type__":"cc.SpriteFrame","content":{"name":"item_jindu","texture":"66sZOkbK1LJpsbQW+W0T0x","rect":[0,1,62,15],"offset":[0,-0.5],"originalSize":[62,16],"capInsets":[0,0,0,0]}},{"__type__":"cc.SpriteFrame","content":{"name":"item_yinshen","texture":"ccQDcA1IFN549fS4wA9tZj","rect":[0,0,41,61],"offset":[-1,0.5],"originalSize":[43,62],"capInsets":[0,0,0,0]}}]