[[{"__type__":"cc.Prefab","_name":"Ark","data":{"__id__":1}},{"__type__":"cc.Node","_name":"Ark","_children":[{"__id__":2},{"__id__":3}],"_components":[{"__type__":"3a66ai0urxMaaFn3MX0iyUj","node":{"__id__":1},"moveSpd":0,"addSpd":0,"status":2,"type":2}],"_prefab":{"__type__":"cc.PrefabInfo","root":{"__id__":1},"asset":{"__uuid__":"442W9rz19AXojpbeIAnYHK"},"fileId":"63ukrfYhRNkLbEP/5dOGCK"},"_contentSize":{"__type__":"cc.Size","width":100,"height":100},"_trs":{"__type__":"TypedArray","ctor":"Float32Array","array":[0,0,0,0,0,0,1,1,1,1]}},{"__type__":"cc.Node","_name":"icon","_parent":{"__id__":1},"_components":[{"__type__":"cc.Sprite","node":{"__id__":2},"_materials":[{"__uuid__":"ecpdLyjvZBwrvm+cedCcQy"}],"_spriteFrame":{"__uuid__":"abmDuq3OdGpJjzbAgo5suF"}}],"_prefab":{"__type__":"cc.PrefabInfo","root":{"__id__":1},"asset":{"__uuid__":"442W9rz19AXojpbeIAnYHK"},"fileId":"6cGk/01wdD1onguSr/Ni3A"},"_contentSize":{"__type__":"cc.Size","width":82,"height":84},"_trs":{"__type__":"TypedArray","ctor":"Float32Array","array":[0,0,0,0,0,0,1,1,1,1]}},{"__type__":"cc.Node","_name":"New Sprite","_parent":{"__id__":1},"_active":false,"_components":[{"__type__":"cc.Sprite","node":{"__id__":3},"_materials":[{"__uuid__":"ecpdLyjvZBwrvm+cedCcQy"}],"_spriteFrame":{"__uuid__":"622U5J40dIAowrD+e+a9Ph"}}],"_prefab":{"__type__":"cc.PrefabInfo","root":{"__id__":1},"asset":{"__uuid__":"442W9rz19AXojpbeIAnYHK"},"fileId":"45bROdXihMeq+pw0TcByRm"},"_contentSize":{"__type__":"cc.Size","width":62,"height":64},"_trs":{"__type__":"TypedArray","ctor":"Float32Array","array":[-3,0,0,0,0,0,1,1,1,1]}}],{"__type__":"cc.SpriteFrame","content":{"name":"arkIcon","texture":"9beWZS8tBEy7O8lZB94PBc","rect":[11,10,82,84],"offset":[2,-2],"originalSize":[100,100],"capInsets":[0,0,0,0]}}]