[{"__type__":"cc.Prefab","_name":"diamondNode","data":{"__id__":1}},{"__type__":"cc.Node","_name":"diamondNode","_children":[{"__id__":2},{"__id__":4},{"__id__":6},{"__id__":8},{"__id__":10},{"__id__":12},{"__id__":14},{"__id__":16},{"__id__":18},{"__id__":20}],"_components":[{"__type__":"acfe6ZaCPlH/bT1Xqz1jCwC","node":{"__id__":1}}],"_prefab":{"__type__":"cc.PrefabInfo","root":{"__id__":1},"asset":{"__uuid__":"deRUYM5k1OJ7u9esOZWJQD"},"fileId":"e2q4uHB2lJlrLXaSA/yU7b"},"_trs":{"__type__":"TypedArray","ctor":"Float32Array","array":[0,0,0,0,0,0,1,1,1,1]}},{"__type__":"cc.Node","_name":"diamond1","_parent":{"__id__":1},"_children":[{"__id__":3}],"_components":[{"__type__":"cc.Sprite","node":{"__id__":2},"_materials":[{"__uuid__":"ecpdLyjvZBwrvm+cedCcQy"}],"_spriteFrame":{"__uuid__":"46UImxbKpPyoCtKJuJOBVG"}}],"_prefab":{"__type__":"cc.PrefabInfo","root":{"__id__":1},"asset":{"__uuid__":"deRUYM5k1OJ7u9esOZWJQD"},"fileId":"cbNwpIwCdK7IPIzfvB7qum"},"_contentSize":{"__type__":"cc.Size","width":103,"height":103},"_trs":{"__type__":"TypedArray","ctor":"Float32Array","array":[0,0,0,0,0,0,1,0.5,0.5,1]}},{"__type__":"cc.Node","_name":"sprite","_parent":{"__id__":2},"_components":[{"__type__":"cc.MotionStreak","node":{"__id__":3},"_materials":[{"__uuid__":"ecpdLyjvZBwrvm+cedCcQy"}],"_stroke":20,"_texture":{"__uuid__":"d9eRe0thpDt5xcyRxP9ilI"}}],"_prefab":{"__type__":"cc.PrefabInfo","root":{"__id__":1},"asset":{"__uuid__":"deRUYM5k1OJ7u9esOZWJQD"},"fileId":"33b980SSlBNrH3a26Hik1S"},"_contentSize":{"__type__":"cc.Size","height":50.4},"_trs":{"__type__":"TypedArray","ctor":"Float32Array","array":[0,0,0,0,0,0,1,1,1,1]}},{"__type__":"cc.Node","_name":"diamond2","_parent":{"__id__":1},"_children":[{"__id__":5}],"_components":[{"__type__":"cc.Sprite","node":{"__id__":4},"_materials":[{"__uuid__":"ecpdLyjvZBwrvm+cedCcQy"}],"_spriteFrame":{"__uuid__":"46UImxbKpPyoCtKJuJOBVG"}}],"_prefab":{"__type__":"cc.PrefabInfo","root":{"__id__":1},"asset":{"__uuid__":"deRUYM5k1OJ7u9esOZWJQD"},"fileId":"41BcLRNbtCLolLUB65R0Ot"},"_contentSize":{"__type__":"cc.Size","width":103,"height":103},"_trs":{"__type__":"TypedArray","ctor":"Float32Array","array":[0,0,0,0,0,0,1,0.5,0.5,1]}},{"__type__":"cc.Node","_name":"sprite","_parent":{"__id__":4},"_components":[{"__type__":"cc.MotionStreak","node":{"__id__":5},"_materials":[{"__uuid__":"ecpdLyjvZBwrvm+cedCcQy"}],"_stroke":20,"_texture":{"__uuid__":"d9eRe0thpDt5xcyRxP9ilI"}}],"_prefab":{"__type__":"cc.PrefabInfo","root":{"__id__":1},"asset":{"__uuid__":"deRUYM5k1OJ7u9esOZWJQD"},"fileId":"0diniwWthN0ZDCxw6sGLsZ"},"_contentSize":{"__type__":"cc.Size","height":50.4},"_trs":{"__type__":"TypedArray","ctor":"Float32Array","array":[0,0,0,0,0,0,1,2,2,2]}},{"__type__":"cc.Node","_name":"diamond3","_parent":{"__id__":1},"_children":[{"__id__":7}],"_components":[{"__type__":"cc.Sprite","node":{"__id__":6},"_materials":[{"__uuid__":"ecpdLyjvZBwrvm+cedCcQy"}],"_spriteFrame":{"__uuid__":"46UImxbKpPyoCtKJuJOBVG"}}],"_prefab":{"__type__":"cc.PrefabInfo","root":{"__id__":1},"asset":{"__uuid__":"deRUYM5k1OJ7u9esOZWJQD"},"fileId":"5am59HSotGY4qoW6fkKWtS"},"_contentSize":{"__type__":"cc.Size","width":103,"height":103},"_trs":{"__type__":"TypedArray","ctor":"Float32Array","array":[0,0,0,0,0,0,1,0.5,0.5,1]}},{"__type__":"cc.Node","_name":"sprite","_parent":{"__id__":6},"_components":[{"__type__":"cc.MotionStreak","node":{"__id__":7},"_materials":[{"__uuid__":"ecpdLyjvZBwrvm+cedCcQy"}],"_stroke":20,"_texture":{"__uuid__":"d9eRe0thpDt5xcyRxP9ilI"}}],"_prefab":{"__type__":"cc.PrefabInfo","root":{"__id__":1},"asset":{"__uuid__":"deRUYM5k1OJ7u9esOZWJQD"},"fileId":"7f/1PtGhJNzqZrsvMLbC94"},"_contentSize":{"__type__":"cc.Size","height":50.4},"_trs":{"__type__":"TypedArray","ctor":"Float32Array","array":[0,0,0,0,0,0,1,4,4,4]}},{"__type__":"cc.Node","_name":"diamond4","_parent":{"__id__":1},"_children":[{"__id__":9}],"_components":[{"__type__":"cc.Sprite","node":{"__id__":8},"_materials":[{"__uuid__":"ecpdLyjvZBwrvm+cedCcQy"}],"_spriteFrame":{"__uuid__":"46UImxbKpPyoCtKJuJOBVG"}}],"_prefab":{"__type__":"cc.PrefabInfo","root":{"__id__":1},"asset":{"__uuid__":"deRUYM5k1OJ7u9esOZWJQD"},"fileId":"52srGypY9K1KkYUQmzjuNd"},"_contentSize":{"__type__":"cc.Size","width":103,"height":103},"_trs":{"__type__":"TypedArray","ctor":"Float32Array","array":[0,0,0,0,0,0,1,0.5,0.5,1]}},{"__type__":"cc.Node","_name":"sprite","_parent":{"__id__":8},"_components":[{"__type__":"cc.MotionStreak","node":{"__id__":9},"_materials":[{"__uuid__":"ecpdLyjvZBwrvm+cedCcQy"}],"_stroke":20,"_texture":{"__uuid__":"d9eRe0thpDt5xcyRxP9ilI"}}],"_prefab":{"__type__":"cc.PrefabInfo","root":{"__id__":1},"asset":{"__uuid__":"deRUYM5k1OJ7u9esOZWJQD"},"fileId":"a40f++aLhG3aVP3Fy4GKoA"},"_contentSize":{"__type__":"cc.Size","height":50.4},"_trs":{"__type__":"TypedArray","ctor":"Float32Array","array":[0,0,0,0,0,0,1,4,4,4]}},{"__type__":"cc.Node","_name":"diamond5","_parent":{"__id__":1},"_children":[{"__id__":11}],"_components":[{"__type__":"cc.Sprite","node":{"__id__":10},"_materials":[{"__uuid__":"ecpdLyjvZBwrvm+cedCcQy"}],"_spriteFrame":{"__uuid__":"46UImxbKpPyoCtKJuJOBVG"}}],"_prefab":{"__type__":"cc.PrefabInfo","root":{"__id__":1},"asset":{"__uuid__":"deRUYM5k1OJ7u9esOZWJQD"},"fileId":"53meFsV8xI7ZjUbkhELCFA"},"_contentSize":{"__type__":"cc.Size","width":103,"height":103},"_trs":{"__type__":"TypedArray","ctor":"Float32Array","array":[0,0,0,0,0,0,1,0.5,0.5,1]}},{"__type__":"cc.Node","_name":"sprite","_parent":{"__id__":10},"_components":[{"__type__":"cc.MotionStreak","node":{"__id__":11},"_materials":[{"__uuid__":"ecpdLyjvZBwrvm+cedCcQy"}],"_stroke":20,"_texture":{"__uuid__":"d9eRe0thpDt5xcyRxP9ilI"}}],"_prefab":{"__type__":"cc.PrefabInfo","root":{"__id__":1},"asset":{"__uuid__":"deRUYM5k1OJ7u9esOZWJQD"},"fileId":"51U41pwGpOqK0tY91S7ZAE"},"_contentSize":{"__type__":"cc.Size","height":50.4},"_trs":{"__type__":"TypedArray","ctor":"Float32Array","array":[0,0,0,0,0,0,1,4,4,4]}},{"__type__":"cc.Node","_name":"diamond6","_parent":{"__id__":1},"_children":[{"__id__":13}],"_components":[{"__type__":"cc.Sprite","node":{"__id__":12},"_materials":[{"__uuid__":"ecpdLyjvZBwrvm+cedCcQy"}],"_spriteFrame":{"__uuid__":"46UImxbKpPyoCtKJuJOBVG"}}],"_prefab":{"__type__":"cc.PrefabInfo","root":{"__id__":1},"asset":{"__uuid__":"deRUYM5k1OJ7u9esOZWJQD"},"fileId":"283bkcjbxBipmW6zJcTtYy"},"_contentSize":{"__type__":"cc.Size","width":103,"height":103},"_trs":{"__type__":"TypedArray","ctor":"Float32Array","array":[0,0,0,0,0,0,1,0.5,0.5,1]}},{"__type__":"cc.Node","_name":"sprite","_parent":{"__id__":12},"_components":[{"__type__":"cc.MotionStreak","node":{"__id__":13},"_materials":[{"__uuid__":"ecpdLyjvZBwrvm+cedCcQy"}],"_stroke":20,"_texture":{"__uuid__":"d9eRe0thpDt5xcyRxP9ilI"}}],"_prefab":{"__type__":"cc.PrefabInfo","root":{"__id__":1},"asset":{"__uuid__":"deRUYM5k1OJ7u9esOZWJQD"},"fileId":"7dqgMrxmRBKre+PcbeChe5"},"_contentSize":{"__type__":"cc.Size","height":50.4},"_trs":{"__type__":"TypedArray","ctor":"Float32Array","array":[0,0,0,0,0,0,1,4,4,4]}},{"__type__":"cc.Node","_name":"diamond7","_parent":{"__id__":1},"_children":[{"__id__":15}],"_components":[{"__type__":"cc.Sprite","node":{"__id__":14},"_materials":[{"__uuid__":"ecpdLyjvZBwrvm+cedCcQy"}],"_spriteFrame":{"__uuid__":"46UImxbKpPyoCtKJuJOBVG"}}],"_prefab":{"__type__":"cc.PrefabInfo","root":{"__id__":1},"asset":{"__uuid__":"deRUYM5k1OJ7u9esOZWJQD"},"fileId":"69VtraOb1Hd5vYW7B8ClLW"},"_contentSize":{"__type__":"cc.Size","width":103,"height":103},"_trs":{"__type__":"TypedArray","ctor":"Float32Array","array":[0,0,0,0,0,0,1,0.5,0.5,1]}},{"__type__":"cc.Node","_name":"sprite","_parent":{"__id__":14},"_components":[{"__type__":"cc.MotionStreak","node":{"__id__":15},"_materials":[{"__uuid__":"ecpdLyjvZBwrvm+cedCcQy"}],"_stroke":20,"_texture":{"__uuid__":"d9eRe0thpDt5xcyRxP9ilI"}}],"_prefab":{"__type__":"cc.PrefabInfo","root":{"__id__":1},"asset":{"__uuid__":"deRUYM5k1OJ7u9esOZWJQD"},"fileId":"afVPcLUhBCMa8b6jDBQrr5"},"_contentSize":{"__type__":"cc.Size","height":50.4},"_trs":{"__type__":"TypedArray","ctor":"Float32Array","array":[0,0,0,0,0,0,1,4,4,4]}},{"__type__":"cc.Node","_name":"diamond8","_parent":{"__id__":1},"_children":[{"__id__":17}],"_components":[{"__type__":"cc.Sprite","node":{"__id__":16},"_materials":[{"__uuid__":"ecpdLyjvZBwrvm+cedCcQy"}],"_spriteFrame":{"__uuid__":"46UImxbKpPyoCtKJuJOBVG"}}],"_prefab":{"__type__":"cc.PrefabInfo","root":{"__id__":1},"asset":{"__uuid__":"deRUYM5k1OJ7u9esOZWJQD"},"fileId":"cccQWZc+ZDyZ/ebecUH+9t"},"_contentSize":{"__type__":"cc.Size","width":103,"height":103},"_trs":{"__type__":"TypedArray","ctor":"Float32Array","array":[0,0,0,0,0,0,1,0.5,0.5,1]}},{"__type__":"cc.Node","_name":"sprite","_parent":{"__id__":16},"_components":[{"__type__":"cc.MotionStreak","node":{"__id__":17},"_materials":[{"__uuid__":"ecpdLyjvZBwrvm+cedCcQy"}],"_stroke":20,"_texture":{"__uuid__":"d9eRe0thpDt5xcyRxP9ilI"}}],"_prefab":{"__type__":"cc.PrefabInfo","root":{"__id__":1},"asset":{"__uuid__":"deRUYM5k1OJ7u9esOZWJQD"},"fileId":"d7ci7IZR9C7oR+VCNtOms8"},"_contentSize":{"__type__":"cc.Size","height":50.4},"_trs":{"__type__":"TypedArray","ctor":"Float32Array","array":[0,0,0,0,0,0,1,4,4,4]}},{"__type__":"cc.Node","_name":"diamond9","_parent":{"__id__":1},"_children":[{"__id__":19}],"_components":[{"__type__":"cc.Sprite","node":{"__id__":18},"_materials":[{"__uuid__":"ecpdLyjvZBwrvm+cedCcQy"}],"_spriteFrame":{"__uuid__":"46UImxbKpPyoCtKJuJOBVG"}}],"_prefab":{"__type__":"cc.PrefabInfo","root":{"__id__":1},"asset":{"__uuid__":"deRUYM5k1OJ7u9esOZWJQD"},"fileId":"549fdqsy1DsK/KMc2UEgiS"},"_contentSize":{"__type__":"cc.Size","width":103,"height":103},"_trs":{"__type__":"TypedArray","ctor":"Float32Array","array":[0,0,0,0,0,0,1,0.5,0.5,1]}},{"__type__":"cc.Node","_name":"sprite","_parent":{"__id__":18},"_components":[{"__type__":"cc.MotionStreak","node":{"__id__":19},"_materials":[{"__uuid__":"ecpdLyjvZBwrvm+cedCcQy"}],"_stroke":20,"_texture":{"__uuid__":"d9eRe0thpDt5xcyRxP9ilI"}}],"_prefab":{"__type__":"cc.PrefabInfo","root":{"__id__":1},"asset":{"__uuid__":"deRUYM5k1OJ7u9esOZWJQD"},"fileId":"afk5MZRoxGqInN7nS6whXZ"},"_contentSize":{"__type__":"cc.Size","height":50.4},"_trs":{"__type__":"TypedArray","ctor":"Float32Array","array":[0,0,0,0,0,0,1,4,4,4]}},{"__type__":"cc.Node","_name":"diamond10","_parent":{"__id__":1},"_children":[{"__id__":21}],"_components":[{"__type__":"cc.Sprite","node":{"__id__":20},"_materials":[{"__uuid__":"ecpdLyjvZBwrvm+cedCcQy"}],"_spriteFrame":{"__uuid__":"46UImxbKpPyoCtKJuJOBVG"}}],"_prefab":{"__type__":"cc.PrefabInfo","root":{"__id__":1},"asset":{"__uuid__":"deRUYM5k1OJ7u9esOZWJQD"},"fileId":"03RVCpKJNAmpbAMzkmk4JL"},"_contentSize":{"__type__":"cc.Size","width":103,"height":103},"_trs":{"__type__":"TypedArray","ctor":"Float32Array","array":[0,0,0,0,0,0,1,0.5,0.5,1]}},{"__type__":"cc.Node","_name":"sprite","_parent":{"__id__":20},"_components":[{"__type__":"cc.MotionStreak","node":{"__id__":21},"_materials":[{"__uuid__":"ecpdLyjvZBwrvm+cedCcQy"}],"_stroke":20,"_texture":{"__uuid__":"d9eRe0thpDt5xcyRxP9ilI"}}],"_prefab":{"__type__":"cc.PrefabInfo","root":{"__id__":1},"asset":{"__uuid__":"deRUYM5k1OJ7u9esOZWJQD"},"fileId":"7eWdHBBdVDdIBpeIjKGU5i"},"_contentSize":{"__type__":"cc.Size","height":50.4},"_trs":{"__type__":"TypedArray","ctor":"Float32Array","array":[0,0,0,0,0,0,1,4,4,4]}}]