[{"__type__":"cc.SpriteFrame","content":{"name":"marketButtonUnlocked","texture":"51zEm9HmxDm4URMsv6vZQC","rect":[0,0,304,137],"offset":[0,0],"originalSize":[304,137],"capInsets":[0,0,0,0]}},[{"__type__":"cc.Prefab","_name":"assassinShopItem","data":{"__id__":1}},{"__type__":"cc.Node","_name":"assassinShopItem","_children":[{"__id__":2},{"__id__":6},{"__id__":8}],"_components":[{"__id__":10},{"__type__":"bbae09uOxNN86MRKt8+dnzl","node":{"__id__":1},"propertyLabel":{"__id__":7},"bg":{"__id__":10},"selectIcon":{"__id__":9},"assassin":{"__id__":2},"ownBg":{"__uuid__":"24BrPXyOFBXLWU02NAZaKw"},"selectBg":{"__uuid__":"cbAnf+Ul5Kpo6FmlMUFuNo"},"unLockBg":{"__uuid__":"cb7YzyRUdKLKJbwpQIrkyO"}},{"__type__":"cc.Button","node":{"__id__":1},"zoomScale":0.9,"clickEvents":[{"__type__":"cc.ClickEvent","target":{"__id__":1},"_componentId":"bbae09uOxNN86MRKt8+dnzl","handler":"onClicked"}],"_N$transition":3,"transition":3}],"_prefab":{"__type__":"cc.PrefabInfo","root":{"__id__":1},"asset":{"__uuid__":"76vdCiRjtA+rbq6VyIlPtr"},"fileId":"ecmFP49RpI+KHFv80b26Gn"},"_contentSize":{"__type__":"cc.Size","width":340,"height":153},"_trs":{"__type__":"TypedArray","ctor":"Float32Array","array":[-180,353.5,0,0,0,0,1,1,1,0]}},{"__type__":"cc.Node","_name":"assassin","_parent":{"__id__":1},"_children":[{"__id__":3},{"__id__":4},{"__id__":5}],"_active":false,"_components":[{"__type__":"cc.Animation","node":{"__id__":2},"_defaultClip":{"__uuid__":"50DBMwW9NGQ5Al/Yf4RXMs"},"_clips":[{"__uuid__":"50DBMwW9NGQ5Al/Yf4RXMs"}],"playOnLoad":true},{"__type__":"2249cPpvxVAV7tfQmQDzHVa","node":{"__id__":2},"atk":50,"moveSpd":600,"addSpd":600,"status":100,"hp":100,"body":{"__id__":5},"leftLeg":{"__id__":3},"rightLeg":{"__id__":4}}],"_prefab":{"__type__":"cc.PrefabInfo","root":{"__id__":1},"asset":{"__uuid__":"76vdCiRjtA+rbq6VyIlPtr"},"fileId":"1eifcy8spDxJ5kwxmfszRh"},"_contentSize":{"__type__":"cc.Size","width":220,"height":170},"_trs":{"__type__":"TypedArray","ctor":"Float32Array","array":[0,24,0,0,0,0,1,-0.550000011920929,0.550000011920929,1]}},{"__type__":"cc.Node","_name":"leg_left","_parent":{"__id__":2},"_components":[{"__type__":"cc.Sprite","node":{"__id__":3},"_materials":[{"__uuid__":"ecpdLyjvZBwrvm+cedCcQy"}],"_spriteFrame":{"__uuid__":"0cU9TDOuBN7I/S/86K1jz5"}}],"_prefab":{"__type__":"cc.PrefabInfo","root":{"__id__":1},"asset":{"__uuid__":"76vdCiRjtA+rbq6VyIlPtr"},"fileId":"20vg9qooJEAoSYXrDmTUWE"},"_contentSize":{"__type__":"cc.Size","width":108,"height":44},"_anchorPoint":{"__type__":"cc.Vec2","y":0.5},"_trs":{"__type__":"TypedArray","ctor":"Float32Array","array":[-4.400000095367432,4.599999904632568,0,0,0,0,1,0,1,1]}},{"__type__":"cc.Node","_name":"leg_right","_parent":{"__id__":2},"_components":[{"__type__":"cc.Sprite","node":{"__id__":4},"_materials":[{"__uuid__":"ecpdLyjvZBwrvm+cedCcQy"}],"_spriteFrame":{"__uuid__":"0cU9TDOuBN7I/S/86K1jz5"}}],"_prefab":{"__type__":"cc.PrefabInfo","root":{"__id__":1},"asset":{"__uuid__":"76vdCiRjtA+rbq6VyIlPtr"},"fileId":"3fakKIE1ZLAr6n+lSL0Cc0"},"_contentSize":{"__type__":"cc.Size","width":108,"height":44},"_anchorPoint":{"__type__":"cc.Vec2","y":0.5},"_trs":{"__type__":"TypedArray","ctor":"Float32Array","array":[-63.5,-33.099998474121094,0,0,0,0,1,0,1,1]}},{"__type__":"cc.Node","_name":"body","_parent":{"__id__":2},"_components":[{"__type__":"cc.Sprite","node":{"__id__":5},"_materials":[{"__uuid__":"ecpdLyjvZBwrvm+cedCcQy"}],"_spriteFrame":{"__uuid__":"cdSuHttFlAxolBkG027MyR"}}],"_prefab":{"__type__":"cc.PrefabInfo","root":{"__id__":1},"asset":{"__uuid__":"76vdCiRjtA+rbq6VyIlPtr"},"fileId":"c0Yxw+RstEH6ZtfaZ4IfJF"},"_contentSize":{"__type__":"cc.Size","width":230,"height":172},"_trs":{"__type__":"TypedArray","ctor":"Float32Array","array":[0,-12,0,0,0,0,1,1,-1,1]}},{"__type__":"cc.Node","_name":"propertyLabel","_parent":{"__id__":1},"_components":[{"__id__":7}],"_prefab":{"__type__":"cc.PrefabInfo","root":{"__id__":1},"asset":{"__uuid__":"76vdCiRjtA+rbq6VyIlPtr"},"fileId":"6bwB6gf/1LGrJIJjT7H1eC"},"_contentSize":{"__type__":"cc.Size","width":121.44,"height":23},"_trs":{"__type__":"TypedArray","ctor":"Float32Array","array":[0,-54,0,0,0,0,1,1,1,1]}},{"__type__":"cc.Label","node":{"__id__":6},"_materials":[{"__uuid__":"ecpdLyjvZBwrvm+cedCcQy"}],"_useOriginalSize":false,"_string":"+10% 速度","_N$string":"+10% 速度","_fontSize":23,"_lineHeight":50,"_N$file":{"__uuid__":"4dDuSJTt5KypeX903osunR"},"_isSystemFontUsed":false,"_N$horizontalAlign":1,"_N$verticalAlign":1},{"__type__":"cc.Node","_name":"New Sprite","_parent":{"__id__":1},"_active":false,"_components":[{"__id__":9}],"_prefab":{"__type__":"cc.PrefabInfo","root":{"__id__":1},"asset":{"__uuid__":"76vdCiRjtA+rbq6VyIlPtr"},"fileId":"f5Yq/aAkJCpZtog5KdVzXS"},"_contentSize":{"__type__":"cc.Size","width":55,"height":57},"_trs":{"__type__":"TypedArray","ctor":"Float32Array","array":[130.9149932861328,40.62799835205078,0,0,0,0,1,1,1,1]}},{"__type__":"cc.Sprite","node":{"__id__":8},"_materials":[{"__uuid__":"ecpdLyjvZBwrvm+cedCcQy"}],"_spriteFrame":{"__uuid__":"fdpdI8S9hM6rjw6Jx2Dww8"}},{"__type__":"cc.Sprite","node":{"__id__":1},"_materials":[{"__uuid__":"ecpdLyjvZBwrvm+cedCcQy"}],"_spriteFrame":{"__uuid__":"cb7YzyRUdKLKJbwpQIrkyO"},"_type":1,"_sizeMode":0}],{"__type__":"cc.SpriteFrame","content":{"name":"marketButtonSelected","texture":"e5rPEtlZ1N+KC1rNm1FLId","rect":[0,0,304,137],"offset":[0,0],"originalSize":[304,137],"capInsets":[0,0,0,0]}},{"__type__":"cc.SpriteFrame","content":{"name":"marketButtonLocked","texture":"b2pWqo8+xC+J+miHGuX83i","rect":[0,0,304,137],"offset":[0,0],"originalSize":[304,137],"capInsets":[0,0,0,0]}},{"__type__":"cc.SpriteFrame","content":{"name":"xuanzhong","texture":"2ckWXZeoFJhaggKZyzPMo1","rect":[0,0,55,57],"offset":[0,0],"originalSize":[55,57],"capInsets":[0,0,0,0]}}]