[{"__type__":"cc.SpriteFrame","content":{"name":"popFramebg","texture":"23Tios50JOLZ9lzjU09zAN","rect":[0,0,123,219],"offset":[0,0],"originalSize":[123,219],"capInsets":[53,52,53,155]}},{"__type__":"cc.SpriteFrame","content":{"name":"anniu_lv","texture":"12lU0XrStJPp/4k3bXl9zW","rect":[0,0,283,108],"offset":[0,0],"originalSize":[283,108],"capInsets":[0,0,0,0]}},{"__type__":"cc.SpriteFrame","content":{"name":"tubiao_4","texture":"f43VoT0wlDHJGLw8Cd9WZK","rect":[0,0,104,90],"offset":[0,0],"originalSize":[104,90],"capInsets":[0,0,0,0]}},{"__type__":"cc.SpriteFrame","content":{"name":"tubiao_3","texture":"41ChIxy6hLqK1PO0r26Hrl","rect":[0,0,104,77],"offset":[0,0],"originalSize":[104,77],"capInsets":[0,0,0,0]}},{"__type__":"cc.SpriteFrame","content":{"name":"tubiao_2","texture":"adYKItYelKo7cTamSN0+Ps","rect":[0,1,91,115],"offset":[0,-0.5],"originalSize":[91,116],"capInsets":[0,0,0,0]}},[{"__type__":"cc.Prefab","_name":"helpLayer","data":{"__id__":1}},{"__type__":"cc.Node","_name":"helpLayer","_children":[{"__id__":2},{"__id__":3}],"_components":[{"__type__":"cc.Sprite","node":{"__id__":1},"_materials":[{"__uuid__":"ecpdLyjvZBwrvm+cedCcQy"}],"_type":1,"_sizeMode":0},{"__type__":"cc.Layout","node":{"__id__":1},"_layoutSize":{"__type__":"cc.Size","width":900,"height":1600}},{"__type__":"cc.Widget","node":{"__id__":1},"_alignFlags":45,"_originalWidth":200,"_originalHeight":150},{"__type__":"cc.BlockInputEvents","node":{"__id__":1}},{"__type__":"53094JzX2pJ8KdCCQb53P6j","node":{"__id__":1},"modeIcon":{"__id__":8},"modeLabel":{"__id__":6},"intro":{"__id__":10},"closeBtn":{"__id__":14},"closeBtnLabel":{"__id__":13},"modeIconRes":[{"__uuid__":"f2zNZHVApKhYJYlLtnVVZA"},{"__uuid__":"81pCFrYWpPSIyBqhVexQzL"},{"__uuid__":"8bu3UeaNZP8rfgWnwQNf2N"},{"__uuid__":"6c0jbV6NFL/rS181JjMKg1"}]}],"_prefab":{"__type__":"cc.PrefabInfo","root":{"__id__":1},"asset":{"__uuid__":"98Qzi6pWNBjKVJunqlpZil"},"fileId":"3bHRmjzi5Hc6/E8gbFpkGw"},"_color":{"__type__":"cc.Color","r":65,"g":65,"b":65},"_contentSize":{"__type__":"cc.Size","width":900,"height":1600},"_trs":{"__type__":"TypedArray","ctor":"Float32Array","array":[450,800,0,0,0,0,1,1,1,1]}},{"__type__":"cc.Node","_name":"New Sprite(Splash)","_parent":{"__id__":1},"_components":[{"__type__":"cc.Sprite","node":{"__id__":2},"_materials":[{"__uuid__":"ecpdLyjvZBwrvm+cedCcQy"}],"_spriteFrame":{"__uuid__":"a2MjXRFdtLlYQ5ouAFv/+R"},"_sizeMode":0},{"__type__":"cc.Widget","node":{"__id__":2},"_alignFlags":45,"_originalWidth":100,"_originalHeight":100}],"_prefab":{"__type__":"cc.PrefabInfo","root":{"__id__":1},"asset":{"__uuid__":"98Qzi6pWNBjKVJunqlpZil"},"fileId":"dbQjAcATlOZouDToKKCan4"},"_opacity":100,"_color":{"__type__":"cc.Color","r":8,"g":8,"b":8},"_contentSize":{"__type__":"cc.Size","width":900,"height":1600},"_trs":{"__type__":"TypedArray","ctor":"Float32Array","array":[0,0,0,0,0,0,1,1,1,1]}},{"__type__":"cc.Node","_name":"New Node","_parent":{"__id__":1},"_children":[{"__id__":4},{"__id__":11}],"_prefab":{"__type__":"cc.PrefabInfo","root":{"__id__":1},"asset":{"__uuid__":"98Qzi6pWNBjKVJunqlpZil"},"fileId":"d9S8WSL9RGVL9WOBtZKpvs"},"_contentSize":{"__type__":"cc.Size","width":750,"height":1334},"_trs":{"__type__":"TypedArray","ctor":"Float32Array","array":[0,0,0,0,0,0,1,1.2000000476837158,1.2000000476837158,1]}},{"__type__":"cc.Node","_name":"popFramebg","_parent":{"__id__":3},"_children":[{"__id__":5},{"__id__":7},{"__id__":9}],"_components":[{"__type__":"cc.Sprite","node":{"__id__":4},"_materials":[{"__uuid__":"ecpdLyjvZBwrvm+cedCcQy"}],"_spriteFrame":{"__uuid__":"45EjwSNCZOB6GzcrIlc0NB"},"_type":1,"_sizeMode":0}],"_prefab":{"__type__":"cc.PrefabInfo","root":{"__id__":1},"asset":{"__uuid__":"98Qzi6pWNBjKVJunqlpZil"},"fileId":"36DKC3WylAbKCCxkvw/IrA"},"_contentSize":{"__type__":"cc.Size","width":485,"height":580},"_trs":{"__type__":"TypedArray","ctor":"Float32Array","array":[0,27,0,0,0,0,1,1,1,1]}},{"__type__":"cc.Node","_name":"modeLabel","_parent":{"__id__":4},"_components":[{"__id__":6},{"__type__":"cc.LabelOutline","node":{"__id__":5}}],"_prefab":{"__type__":"cc.PrefabInfo","root":{"__id__":1},"asset":{"__uuid__":"98Qzi6pWNBjKVJunqlpZil"},"fileId":"e4BBT1fPVAZqFgOHqb9+PO"},"_contentSize":{"__type__":"cc.Size","width":250,"height":48},"_anchorPoint":{"__type__":"cc.Vec2","y":0.5},"_trs":{"__type__":"TypedArray","ctor":"Float32Array","array":[-55.7760009765625,194.10400390625,0,0,0,0,1,1,1,1]}},{"__type__":"cc.Label","node":{"__id__":5},"_materials":[{"__uuid__":"ecpdLyjvZBwrvm+cedCcQy"}],"_useOriginalSize":false,"_string":"经典模式","_N$string":"经典模式","_lineHeight":60,"_N$file":{"__uuid__":"4dDuSJTt5KypeX903osunR"},"_isSystemFontUsed":false,"_N$verticalAlign":1,"_N$overflow":2},{"__type__":"cc.Node","_name":"modeIcon","_parent":{"__id__":4},"_components":[{"__id__":8}],"_prefab":{"__type__":"cc.PrefabInfo","root":{"__id__":1},"asset":{"__uuid__":"98Qzi6pWNBjKVJunqlpZil"},"fileId":"cbTDxMKxdMzo0Xmg2yY0YU"},"_contentSize":{"__type__":"cc.Size","width":113,"height":96},"_trs":{"__type__":"TypedArray","ctor":"Float32Array","array":[-109.60916900634766,191.59994506835938,0,0,0,0,1,0.833329975605011,0.833329975605011,0.833329975605011]}},{"__type__":"cc.Sprite","node":{"__id__":7},"_materials":[{"__uuid__":"ecpdLyjvZBwrvm+cedCcQy"}],"_spriteFrame":{"__uuid__":"f2zNZHVApKhYJYlLtnVVZA"},"_type":1,"_sizeMode":0},{"__type__":"cc.Node","_name":"intro","_parent":{"__id__":4},"_components":[{"__id__":10},{"__type__":"cc.LabelOutline","node":{"__id__":9}}],"_prefab":{"__type__":"cc.PrefabInfo","root":{"__id__":1},"asset":{"__uuid__":"98Qzi6pWNBjKVJunqlpZil"},"fileId":"e3/ui7+35A4IczP98DpETO"},"_contentSize":{"__type__":"cc.Size","width":350,"height":215},"_trs":{"__type__":"TypedArray","ctor":"Float32Array","array":[0,3,0,0,0,0,1,1,1,1]}},{"__type__":"cc.Label","node":{"__id__":9},"_materials":[{"__uuid__":"ecpdLyjvZBwrvm+cedCcQy"}],"_useOriginalSize":false,"_string":"小伙伴被敌人绑架了！运用你的武器和智慧去解救，他们将加入你的队伍共同杀敌！","_N$string":"小伙伴被敌人绑架了！运用你的武器和智慧去解救，他们将加入你的队伍共同杀敌！","_fontSize":33,"_lineHeight":50,"_N$verticalAlign":1,"_N$overflow":2},{"__type__":"cc.Node","_name":"closeBtn","_parent":{"__id__":3},"_children":[{"__id__":12}],"_components":[{"__type__":"cc.Sprite","node":{"__id__":11},"_materials":[{"__uuid__":"ecpdLyjvZBwrvm+cedCcQy"}],"_spriteFrame":{"__uuid__":"48wijxn+VLeIJj8Z08lcXJ"}},{"__id__":14}],"_prefab":{"__type__":"cc.PrefabInfo","root":{"__id__":1},"asset":{"__uuid__":"98Qzi6pWNBjKVJunqlpZil"},"fileId":"ceHQdkTI9BjYs829zUU2kr"},"_contentSize":{"__type__":"cc.Size","width":283,"height":108},"_trs":{"__type__":"TypedArray","ctor":"Float32Array","array":[15,-263.1260070800781,0,0,0,0,1,1,1,0]}},{"__type__":"cc.Node","_name":"useBtnLabel","_parent":{"__id__":11},"_components":[{"__id__":13}],"_prefab":{"__type__":"cc.PrefabInfo","root":{"__id__":1},"asset":{"__uuid__":"98Qzi6pWNBjKVJunqlpZil"},"fileId":"f4y4BLCQpK5rYxxzVLZBdJ"},"_contentSize":{"__type__":"cc.Size","width":105.7,"height":35},"_trs":{"__type__":"TypedArray","ctor":"Float32Array","array":[0,15.23900032043457,0,0,0,0,1,1,1,1]}},{"__type__":"cc.Label","node":{"__id__":12},"_materials":[{"__uuid__":"ecpdLyjvZBwrvm+cedCcQy"}],"_useOriginalSize":false,"_string":"知道了","_N$string":"知道了","_fontSize":35,"_lineHeight":50,"_N$file":{"__uuid__":"4dDuSJTt5KypeX903osunR"},"_isSystemFontUsed":false,"_N$horizontalAlign":1,"_N$verticalAlign":1},{"__type__":"cc.Button","node":{"__id__":11},"zoomScale":0.9,"clickEvents":[{"__type__":"cc.ClickEvent","target":{"__id__":1},"_componentId":"53094JzX2pJ8KdCCQb53P6j","handler":"onClickClose"}],"_N$transition":3,"transition":3}],{"__type__":"cc.SpriteFrame","content":{"name":"tubiao_1","texture":"cfq6cL3u1DJ5WJiSOwK/hQ","rect":[0,0,113,96],"offset":[0,1],"originalSize":[113,98],"capInsets":[0,0,0,0]}}]