[{"__type__":"cc.Prefab","_name":"diamondPrefab","data":{"__id__":1}},{"__type__":"cc.Node","_name":"diamondPrefab","_children":[{"__id__":2}],"_components":[{"__type__":"cc.Sprite","node":{"__id__":1},"_materials":[{"__uuid__":"ecpdLyjvZBwrvm+cedCcQy"}],"_spriteFrame":{"__uuid__":"94JIyYpIxHJoKt6+4f5JaT"}}],"_prefab":{"__type__":"cc.PrefabInfo","root":{"__id__":1},"asset":{"__uuid__":"2dRxl7XtFBPJIL5f09JNc+"},"fileId":"e2q4uHB2lJlrLXaSA/yU7b"},"_contentSize":{"__type__":"cc.Size","width":120,"height":98},"_trs":{"__type__":"TypedArray","ctor":"Float32Array","array":[0,0,0,0,0,0,1,0.5,0.5,1]}},{"__type__":"cc.Node","_name":"New Node","_parent":{"__id__":1},"_components":[{"__type__":"cc.MotionStreak","node":{"__id__":2},"_materials":[{"__uuid__":"ecpdLyjvZBwrvm+cedCcQy"}],"_fadeTime":0.5,"_stroke":30,"_texture":{"__uuid__":"2chQWbvYZDVIUlcQMUBlG5"}}],"_prefab":{"__type__":"cc.PrefabInfo","root":{"__id__":1},"asset":{"__uuid__":"2dRxl7XtFBPJIL5f09JNc+"},"fileId":"2aLNFoZa5P56ufuffyxULB"},"_trs":{"__type__":"TypedArray","ctor":"Float32Array","array":[0,0,0,0,0,0,1,1,1,1]}}]