[{"__type__":"cc.AnimationClip","_name":"scaleAni","_duration":0.6666666666666666,"speed":0.7,"curveData":{"props":{"scale":[{"frame":0,"value":{"__type__":"cc.Vec2","x":4,"y":4}},{"frame":0.16666666666666666,"value":{"__type__":"cc.Vec2","x":2,"y":2}},{"frame":0.3,"value":{"__type__":"cc.Vec2","x":4,"y":4}},{"frame":0.5,"value":{"__type__":"cc.Vec2","x":2,"y":2}},{"frame":0.6666666666666666,"value":{"__type__":"cc.Vec2","x":4,"y":4}}]}}},[{"__type__":"cc.Prefab","_name":"targetIcon","data":{"__id__":1}},{"__type__":"cc.Node","_name":"targetIcon","_components":[{"__type__":"cc.Sprite","node":{"__id__":1},"_spriteFrame":{"__uuid__":"622U5J40dIAowrD+e+a9Ph"}},{"__type__":"cc.Animation","node":{"__id__":1},"_defaultClip":{"__uuid__":"35wkT8vkBHQb2zm6AamxTU"},"_clips":[{"__uuid__":"35wkT8vkBHQb2zm6AamxTU"}],"playOnLoad":true}],"_prefab":{"__type__":"cc.PrefabInfo","root":{"__id__":1},"asset":{"__uuid__":"7fdkKxPchGq6XTSwLzoVKn"},"fileId":"c1uiHwOmVOhqMVRMxwNuNB"},"_contentSize":{"__type__":"cc.Size","width":62,"height":64},"_trs":{"__type__":"TypedArray","ctor":"Float32Array","array":[0,0,0,0,0,0,0,4,4,1]}}]]